Workbook

Sheet Intro
B2: Hardness-EC Trade-Offs | C2: 1) Ni–Si base | D2: Solution ==> Quenching ==> Deformation ==> Aging ==> Secondary TMP ==> Secondary Aging (2); Solution ==> Quenching ==> Aging (0); Solution ==> Quenching ==> Deformation ==> Aging (1)
C3: Cu-Ni-Si
C4: 2) Ni–Si + modifiers（Ni–Si 体系调控版）
C5: Cu-Mg-Ni-Si
C6: Cu-Ni-Si-Zr
C7: 3) Cr base / Cr + modifiers
C8: Cu-Cr-Zr
C9: Cu-Cr-Mg
C10: 4) Cr–Ni–Si hybrid（含 Cr 且含 Ni+Si）
C11: Cu-Cr-Ni-Si
C12: Cu-Cr-Ni-Si-Zr
C13: Cu-Cr-Mg-Ni-Si
C14: Cu-Al-Cr-Mg-Ni-Si
B16: UTS Prediction | C16: 1) Ni–Si base（Ni–Si 主体系）
C17: Cu–Ni–Si
C19: 2) Ni–Si + modifiers
C20: Cu–Ni–Si–Zr、Cu–Mg–Ni–Si、Cu–Ni–Si–Ti
C22: 3) Cr base / Cr + modifiers（Cr 主体系
C23: Cu–Cr、Cu–Cr–Zr、Cu–Cr–Mg、Cu–Cr–Fe
C25: 4) Hybrid / Other（复合或其它主体系）
C26: Cr–Ni–Si 复合、Cr–Ti 复合、Ni–Si–Ti 复合，以及 Cu–Ti 系、Cu–Fe 系

Sheet All
A1: ID | B1: DOI | C1: Alloy-Series | D1: Cu/wt.% | E1: Al/wt.% | F1: Cr/wt.% | G1: Fe/wt.% | H1: Mg/wt.% | I1: Ni/wt.% | J1: P/wt.% | K1: Si/wt.% | L1: Ti/wt.% | M1: Zr/wt.% | N1: Processing_route | O1: Solution_Temperature/℃ | P1: Solution_Time/h | Q1: CR_Reduction/% | R1: Aging_Temperature/℃ | S1: Aging_Time/h | T1: Secondary TMP | U1: Hardness/HV | V1: YS | W1: UTS | X1: EC/%IACS
A2: 1 | B2: 10.1023/A:1004830000742 | C2: Cu-Mg-Ni-P-Si | D2: 98.12 | E2: 0 | F2: 0 | G2: 0 | H2: 0.05 | I2: 1.5 | J2: 0.03 | K2: 0.3 | L2: 0 | M2: 0 | N2: Solution ==> Quenching ==> Deformation ==> Aging | O2: 699.85 | P2: 4 | Q2: 85 | R2: 449.85 | S2: 2 | T2: N | U2: 174 | V2: N/A | W2: N/A | X2: 86
A3: 5 | B3: 10.3390/ma12132076 | C3: Cu-Ni-Si | D3: 95.935 | E3: 0 | F3: 0 | G3: 0 | H3: 0 | I3: 3.3 | J3: 0 | K3: 0.765 | L3: 0 | M3: 0 | N3: Solution ==> Quenching ==> Aging | O3: 899.85 | P3: 1 | Q3: 0 | R3: 449.85 | S3: 0.25 | T3: N | U3: 137 | V3: N/A | W3: N/A | X3: 27
A4: 6 | B4: 10.3390/ma12132076 | C4: Cu-Ni-Si | D4: 95.935 | E4: 0 | F4: 0 | G4: 0 | H4: 0 | I4: 3.3 | J4: 0 | K4: 0.765 | L4: 0 | M4: 0 | N4: Solution ==> Quenching ==> Aging | O4: 899.85 | P4: 1 | Q4: 0 | R4: 499.85 | S4: 0.25 | T4: N | U4: 161 | V4: N/A | W4: N/A | X4: 28
A5: 7 | B5: 10.3390/ma12132076 | C5: Cu-Ni-Si | D5: 95.935 | E5: 0 | F5: 0 | G5: 0 | H5: 0 | I5: 3.3 | J5: 0 | K5: 0.765 | L5: 0 | M5: 0 | N5: Solution ==> Quenching ==> Deformation ==> Aging | O5: 899.85 | P5: 1 | Q5: 60 | R5: 449.85 | S5: 0.25 | T5: N | U5: 246 | V5: N/A | W5: N/A | X5: 29
A6: 8 | B6: 10.3390/ma12132076 | C6: Cu-Ni-Si | D6: 95.935 | E6: 0 | F6: 0 | G6: 0 | H6: 0 | I6: 3.3 | J6: 0 | K6: 0.765 | L6: 0 | M6: 0 | N6: Solution ==> Quenching ==> Deformation ==> Aging | O6: 899.85 | P6: 1 | Q6: 60 | R6: 499.85 | S6: 0.25 | T6: N | U6: 254 | V6: N/A | W6: N/A | X6: 32
A7: 9 | B7: 10.3390/ma12132076 | C7: Cu-Ni-Si | D7: 95.935 | E7: 0 | F7: 0 | G7: 0 | H7: 0 | I7: 3.3 | J7: 0 | K7: 0.765 | L7: 0 | M7: 0 | N7: Solution ==> Quenching ==> Deformation ==> Aging ==> Secondary TMP ==> Secondary Aging | O7: 899.85 | P7: 1 | Q7: 45 | R7: 349.85 | S7: 0.25 | T7: Y | U7: 280 | V7: N/A | W7: N/A | X7: 37
A8: 10 | B8: 10.3390/ma14081996 | C8: Cu-Ni-Si | D8: 95.7 | E8: 0 | F8: 0 | G8: 0 | H8: 0 | I8: 3.48 | J8: 0 | K8: 0.82 | L8: 0 | M8: 0 | N8: Solution ==> Quenching ==> Aging | O8: 899.85 | P8: 1 | Q8: 0 | R8: 499.85 | S8: 0.25 | T8: N | U8: 201 | V8: N/A | W8: N/A | X8: 31
A9: 12 | B9: 10.3390/ma12132076 | C9: Cu-Ni-Si | D9: 95.935 | E9: 0 | F9: 0 | G9: 0 | H9: 0 | I9: 3.3 | J9: 0 | K9: 0.765 | L9: 0 | M9: 0 | N9: Solution ==> Quenching ==> Aging | O9: 899.85 | P9: 1 | Q9: 0 | R9: 449.85 | S9: 0.5 | T9: N | U9: 151 | V9: N/A | W9: N/A | X9: 28
A10: 13 | B10: 10.3390/ma12132076 | C10: Cu-Ni-Si | D10: 95.935 | E10: 0 | F10: 0 | G10: 0 | H10: 0 | I10: 3.3 | J10: 0 | K10: 0.765 | L10: 0 | M10: 0 | N10: Solution ==> Quenching ==> Aging | O10: 899.85 | P10: 1 | Q10: 0 | R10: 499.85 | S10: 0.5 | T10: N | U10: 205 | V10: N/A | W10: N/A | X10: 32
A11: 14 | B11: 10.3390/ma12132076 | C11: Cu-Ni-Si | D11: 95.935 | E11: 0 | F11: 0 | G11: 0 | H11: 0 | I11: 3.3 | J11: 0 | K11: 0.765 | L11: 0 | M11: 0 | N11: Solution ==> Quenching ==> Deformation ==> Aging | O11: 899.85 | P11: 1 | Q11: 60 | R11: 449.85 | S11: 0.5 | T11: N | U11: 255 | V11: N/A | W11: N/A | X11: 38
A12: 15 | B12: 10.3390/ma12132076 | C12: Cu-Ni-Si | D12: 95.935 | E12: 0 | F12: 0 | G12: 0 | H12: 0 | I12: 3.3 | J12: 0 | K12: 0.765 | L12: 0 | M12: 0 | N12: Solution ==> Quenching ==> Deformation ==> Aging | O12: 899.85 | P12: 1 | Q12: 60 | R12: 499.85 | S12: 0.5 | T12: N | U12: 246 | V12: N/A | W12: N/A | X12: 34
A13: 16 | B13: 10.3390/ma12132076 | C13: Cu-Ni-Si | D13: 95.935 | E13: 0 | F13: 0 | G13: 0 | H13: 0 | I13: 3.3 | J13: 0 | K13: 0.765 | L13: 0 | M13: 0 | N13: Solution ==> Quenching ==> Deformation ==> Aging ==> Secondary TMP ==> Secondary Aging | O13: 899.85 | P13: 1 | Q13: 45 | R13: 349.85 | S13: 0.5 | T13: Y | U13: 282 | V13: N/A | W13: N/A | X13: 37
... A217: 261 | B217: 10.1016/j.msea.2006.07.121 | C217: Cu-Cr-Mg | D217: 99.53 | E217: 0 | F217: 0.28 | G217: 0 | H217: 0.19 | I217: 0 | J217: 0 | K217: 0 | L217: 0 | M217: 0 | N217: Solution ==> Quenching ==> Aging | O217: 949.85 | P217: 4 | Q217: 0 | R217: 509.85 | S217: 0.25 | T217: N | U217: 77 | V217: N/A | W217: N/A | X217: 54
A218: 262 | B218: 10.1007/s11665-016-1987-6 and 10.1515/ntre-2019-0034 | C218: Cu-Ni-P-Si | D218: 97.585 | E218: 0 | F218: 0 | G218: 0 | H218: 0 | I218: 1.91 | J218: 0.035 | K218: 0.47 | L218: 0 | M218: 0 | N218: Solution ==> Quenching ==> Aging | O218: 949.85 | P218: 1 | Q218: 0 | R218: 399.85 | S218: 0.25 | T218: N | U218: N/A | V218: 173/MPa | W218: N/A | X218: 28
A219: 263 | B219: 10.1007/s11665-016-1987-6 and 10.1515/ntre-2019-0034 | C219: Cu-Ni-P-Si | D219: 97.585 | E219: 0 | F219: 0 | G219: 0 | H219: 0 | I219: 1.91 | J219: 0.035 | K219: 0.47 | L219: 0 | M219: 0 | N219: Solution ==> Quenching ==> Aging | O219: 949.85 | P219: 1 | Q219: 0 | R219: 449.85 | S219: 0.25 | T219: N | U219: N/A | V219: 185/MPa | W219: N/A | X219: 31
A220: 264 | B220: 10.1007/s11665-016-1987-6 and 10.1515/ntre-2019-0034 | C220: Cu-Ni-P-Si | D220: 97.585 | E220: 0 | F220: 0 | G220: 0 | H220: 0 | I220: 1.91 | J220: 0.035 | K220: 0.47 | L220: 0 | M220: 0 | N220: Solution ==> Quenching ==> Aging | O220: 949.85 | P220: 1 | Q220: 0 | R220: 499.85 | S220: 0.25 | T220: N | U220: N/A | V220: 210/MPa | W220: N/A | X220: 27
A221: 266 | B221: 10.1007/s11665-016-1987-6 and 10.1515/ntre-2019-0034 | C221: Cu-Ni-P-Si | D221: 97.585 | E221: 0 | F221: 0 | G221: 0 | H221: 0 | I221: 1.91 | J221: 0.035 | K221: 0.47 | L221: 0 | M221: 0 | N221: Solution ==> Quenching ==> Deformation ==> Aging | O221: 949.85 | P221: 1 | Q221: 60 | R221: 449.85 | S221: 0.25 | T221: N | U221: N/A | V221: 219/MPa | W221: N/A | X221: 32
A222: 267 | B222: 10.1007/s11665-016-1987-6 and 10.1515/ntre-2019-0034 | C222: Cu-Ni-P-Si | D222: 97.585 | E222: 0 | F222: 0 | G222: 0 | H222: 0 | I222: 1.91 | J222: 0.035 | K222: 0.47 | L222: 0 | M222: 0 | N222: Solution ==> Quenching ==> Deformation ==> Aging | O222: 949.85 | P222: 1 | Q222: 80 | R222: 449.85 | S222: 0.25 | T222: N | U222: N/A | V222: 223/MPa | W222: N/A | X222: 23
A223: 269 | B223: 10.2320/jinstmet1952.62.4_301 | C223: Cu-Ni-Si | D223: 97.943 | E223: 0 | F223: 0 | G223: 0 | H223: 0 | I223: 1.39 | J223: 0 | K223: 0.67 | L223: 0 | M223: 0 | N223: Solution ==> Quenching ==> Aging | O223: 949.85 | P223: 1 | Q223: 0 | R223: 499.85 | S223: 0.33333333 | T223: N | U223: 72 | V223: N/A | W223: N/A | X223: 21
A224: 270 | B224: 10.2320/jinstmet1952.62.4_301 | C224: Cu-Ni-Si | D224: 94.402 | E224: 0 | F224: 0 | G224: 0 | H224: 0 | I224: 3.77 | J224: 0 | K224: 1.83 | L224: 0 | M224: 0 | N224: Solution ==> Quenching ==> Aging | O224: 949.85 | P224: 1 | Q224: 0 | R224: 499.85 | S224: 0.33333333 | T224: N | U224: 218 | V224: N/A | W224: N/A | X224: 16
A225: 271 | B225: 10.2320/jinstmet1952.62.4_301 | C225: Cu-Ni-Si | D225: 98.283 | E225: 0 | F225: 0 | G225: 0 | H225: 0 | I225: 1.38 | J225: 0 | K225: 0.33 | L225: 0 | M225: 0 | N225: Solution ==> Quenching ==> Aging | O225: 949.85 | P225: 1 | Q225: 0 | R225: 499.85 | S225: 0.33333333 | T225: N | U225: 67 | V225: N/A | W225: N/A | X225: 30
A226: 272 | B226: 10.2320/jinstmet1952.62.4_301 | C226: Cu-Ni-Si | D226: 97.128 | E226: 0 | F226: 0 | G226: 0 | H226: 0 | I226: 2.32 | J226: 0 | K226: 0.56 | L226: 0 | M226: 0 | N226: Solution ==> Quenching ==> Aging | O226: 949.85 | P226: 1 | Q226: 0 | R226: 499.85 | S226: 0.33333333 | T226: N | U226: 186 | V226: N/A | W226: N/A | X226: 44
A227: 273 | B227: 10.2320/jinstmet1952.62.4_301 | C227: Cu-Ni-Si | D227: 95.339 | E227: 0 | F227: 0 | G227: 0 | H227: 0 | I227: 3.77 | J227: 0 | K227: 0.89 | L227: 0 | M227: 0 | N227: Solution ==> Quenching ==> Aging | O227: 949.85 | P227: 1 | Q227: 0 | R227: 499.85 | S227: 0.33333333 | T227: N | U227: 222 | V227: N/A | W227: N/A | X227: 35
A228: 274 | B228: 10.2320/jinstmet1952.62.4_301 | C228: Cu-Ni-Si | D228: 98.347 | E228: 0 | F228: 0 | G228: 0 | H228: 0 | I228: 1.38 | J228: 0 | K228: 0.27 | L228: 0 | M228: 0 | N228: Solution ==> Quenching ==> Aging | O228: 949.85 | P228: 1 | Q228: 0 | R228: 499.85 | S228: 0.33333333 | T228: N | U228: 70 | V228: N/A | W228: N/A | X228: 32
A229: 275 | B229: 10.2320/jinstmet1952.62.4_301 | C229: Cu-Ni-Si | D229: 97.24 | E229: 0 | F229: 0 | G229: 0 | H229: 0 | I229: 2.31 | J229: 0 | K229: 0.45 | L229: 0 | M229: 0 | N229: Solution ==> Quenching ==> Aging | O229: 949.85 | P229: 1 | Q229: 0 | R229: 499.85 | S229: 0.33333333 | T229: N | U229: 165 | V229: N/A | W229: N/A | X229: 40
A230: 276 | B230: 10.2320/jinstmet1952.62.4_301 | C230: Cu-Ni-Si | D230: 95.518 | E230: 0 | F230: 0 | G230: 0 | H230: 0 | I230: 3.78 | J230: 0 | K230: 0.71 | L230: 0 | M230: 0 | N230: Solution ==> Quenching ==> Aging | O230: 949.85 | P230: 1 | Q230: 0 | R230: 499.85 | S230: 0.33333333 | T230: N | U230: 200 | V230: N/A | W230: N/A | X230: 35
A231: 277 | B231: 10.2320/jinstmet1952.62.4_301 | C231: Cu-Ni-Si | D231: 98.393 | E231: 0 | F231: 0 | G231: 0 | H231: 0 | I231: 1.39 | J231: 0 | K231: 0.22 | L231: 0 | M231: 0 | N231: Solution ==> Quenching ==> Aging | O231: 949.85 | P231: 1 | Q231: 0 | R231: 499.85 | S231: 0.33333333 | T231: N | U231: 60 | V231: N/A | W231: N/A | X231: 36
A232: 278 | B232: 10.2320/jinstmet1952.62.4_301 | C232: Cu-Ni-Si | D232: 93.886 | E232: 0 | F232: 0 | G232: 0 | H232: 0 | I232: 2.3 | J232: 0 | K232: 3.81 | L232: 0 | M232: 0 | N232: Solution ==> Quenching ==> Aging | O232: 949.85 | P232: 1 | Q232: 0 | R232: 499.85 | S232: 0.33333333 | T232: N | U232: 158 | V232: N/A | W232: N/A | X232: 39
A233: 279 | B233: 10.2320/jinstmet1952.62.4_301 | C233: Cu-Ni-Si | D233: 95.627 | E233: 0 | F233: 0 | G233: 0 | H233: 0 | I233: 3.76 | J233: 0 | K233: 0.61 | L233: 0 | M233: 0 | N233: Solution ==> Quenching ==> Aging | O233: 949.85 | P233: 1 | Q233: 0 | R233: 499.85 | S233: 0.33333333 | T233: N | U233: 189 | V233: N/A | W233: N/A | X233: 32
A234: 280 | B234: 10.1016/j.msea.2006.07.121 | C234: Cu-Cr-Mg | D234: 99.53 | E234: 0 | F234: 0.28 | G234: 0 | H234: 0.19 | I234: 0 | J234: 0 | K234: 0 | L234: 0 | M234: 0 | N234: Solution ==> Quenching ==> Aging | O234: 949.85 | P234: 4 | Q234: 0 | R234: 389.85 | S234: 0.5 | T234: N | U234: 67 | V234: N/A | W234: N/A | X234: 50
... A238: 284 | B238: 10.1016/j.msea.2006.07.121 | C238: Cu-Cr-Mg | D238: 99.53 | E238: 0 | F238: 0.28 | G238: 0 | H238: 0.19 | I238: 0 | J238: 0 | K238: 0 | L238: 0 | M238: 0 | N238: Solution ==> Quenching ==> Aging | O238: 949.85 | P238: 4 | Q238: 0 | R238: 509.85 | S238: 0.5 | T238: N | U238: 82 | V238: N/A | W238: N/A | X238: 62
A239: 287 | B239: 10.1007/s11665-016-1987-6 and 10.1515/ntre-2019-0034 | C239: Cu-Ni-P-Si | D239: 97.585 | E239: 0 | F239: 0 | G239: 0 | H239: 0 | I239: 1.91 | J239: 0.035 | K239: 0.47 | L239: 0 | M239: 0 | N239: Solution ==> Quenching ==> Aging | O239: 949.85 | P239: 1 | Q239: 0 | R239: 399.85 | S239: 0.5 | T239: N | U239: N/A | V239: 180/MPa | W239: N/A | X239: 30
A240: 288 | B240: 10.1007/s11665-016-1987-6 and 10.1515/ntre-2019-0034 | C240: Cu-Ni-P-Si | D240: 97.585 | E240: 0 | F240: 0 | G240: 0 | H240: 0 | I240: 1.91 | J240: 0.035 | K240: 0.47 | L240: 0 | M240: 0 | N240: Solution ==> Quenching ==> Aging | O240: 949.85 | P240: 1 | Q240: 0 | R240: 449.85 | S240: 0.5 | T240: N | U240: N/A | V240: 200/MPa | W240: N/A | X240: 30
A241: 289 | B241: 10.1007/s11665-016-1987-6 and 10.1515/ntre-2019-0034 | C241: Cu-Ni-P-Si | D241: 97.585 | E241: 0 | F241: 0 | G241: 0 | H241: 0 | I241: 1.91 | J241: 0.035 | K241: 0.47 | L241: 0 | M241: 0 | N241: Solution ==> Quenching ==> Aging | O241: 949.85 | P241: 1 | Q241: 0 | R241: 499.85 | S241: 0.5 | T241: N | U241: N/A | V241: 219/MPa | W241: N/A | X241: 28
A242: 291 | B242: 10.1007/s11665-016-1987-6 and 10.1515/ntre-2019-0034 | C242: Cu-Ni-P-Si | D242: 97.585 | E242: 0 | F242: 0 | G242: 0 | H242: 0 | I242: 1.91 | J242: 0.035 | K242: 0.47 | L242: 0 | M242: 0 | N242: Solution ==> Quenching ==> Deformation ==> Aging | O242: 949.85 | P242: 1 | Q242: 60 | R242: 449.85 | S242: 0.5 | T242: N | U242: N/A | V242: 222/MPa | W242: N/A | X242: 33
A243: 292 | B243: 10.1007/s11665-016-1987-6 and 10.1515/ntre-2019-0034 | C243: Cu-Ni-P-Si | D243: 97.585 | E243: 0 | F243: 0 | G243: 0 | H243: 0 | I243: 1.91 | J243: 0.035 | K243: 0.47 | L243: 0 | M243: 0 | N243: Solution ==> Quenching ==> Deformation ==> Aging | O243: 949.85 | P243: 1 | Q243: 80 | R243: 449.85 | S243: 0.5 | T243: N | U243: N/A | V243: 226/MPa | W243: N/A | X243: 35
A244: 293 | B244: 10.1016/j.matdes.2021.109929 | C244: Cu-Ni-Si | D244: 96.3 | E244: 0 | F244: 0 | G244: 0 | H244: 0 | I244: 3 | J244: 0 | K244: 0.7 | L244: 0 | M244: 0 | N244: Solution ==> Quenching ==> Aging | O244: 949.85 | P244: 3 | Q244: 0 | R244: 449.85 | S244: 0.5 | T244: N | U244: 230 | V244: N/A | W244: N/A | X244: 34
A245: 294 | B245: 10.1016/j.msea.2006.07.121 | C245: Cu-Cr-Mg | D245: 99.53 | E245: 0 | F245: 0.28 | G245: 0 | H245: 0.19 | I245: 0 | J245: 0 | K245: 0 | L245: 0 | M245: 0 | N245: Solution ==> Quenching ==> Aging | O245: 949.85 | P245: 4 | Q245: 0 | R245: 389.85 | S245: 1 | T245: N | U245: 77 | V245: N/A | W245: N/A | X245: 55
A246: 295 | B246: 10.1016/j.msea.2006.07.121 | C246: Cu-Cr-Mg | D246: 99.53 | E246: 0 | F246: 0.28 | G246: 0 | H246: 0.19 | I246: 0 | J246: 0 | K246: 0 | L246: 0 | M246: 0 | N246: Solution ==> Quenching ==> Aging | O246: 949.85 | P246: 4 | Q246: 0 | R246: 419.85 | S246: 1 | T246: N | U246: 108 | V246: N/A | W246: N/A | X246: 66
A247: 296 | B247: 10.1016/j.msea.2006.07.121 | C247: Cu-Cr-Mg | D247: 99.53 | E247: 0 | F247: 0.28 | G247: 0 | H247: 0.19 | I247: 0 | J247: 0 | K247: 0 | L247: 0 | M247: 0 | N247: Solution ==> Quenching ==> Aging | O247: 949.85 | P247: 4 | Q247: 0 | R247: 449.85 | S247: 1 | T247: N | U247: 122 | V247: N/A | W247: N/A | X247: 80
A248: 297 | B248: 10.1016/j.msea.2006.07.121 | C248: Cu-Cr-Mg | D248: 99.53 | E248: 0 | F248: 0.28 | G248: 0 | H248: 0.19 | I248: 0 | J248: 0 | K248: 0 | L248: 0 | M248: 0 | N248: Solution ==> Quenching ==> Aging | O248: 949.85 | P248: 4 | Q248: 0 | R248: 479.85 | S248: 1 | T248: N | U248: 111 | V248: N/A | W248: N/A | X248: 82
A249: 298 | B249: 10.1016/j.msea.2006.07.121 | C249: Cu-Cr-Mg | D249: 99.53 | E249: 0 | F249: 0.28 | G249: 0 | H249: 0.19 | I249: 0 | J249: 0 | K249: 0 | L249: 0 | M249: 0 | N249: Solution ==> Quenching ==> Aging | O249: 949.85 | P249: 4 | Q249: 0 | R249: 509.85 | S249: 1 | T249: N | U249: 86 | V249: N/A | W249: N/A | X249: 78
A250: 301 | B250: 10.1016/j.pnsc.2017.06.006 | C250: Cu-Cr-Ni-Si | D250: 95.19 | E250: 0 | F250: 0.35 | G250: 0 | H250: 0 | I250: 3.52 | J250: 0 | K250: 0.94 | L250: 0 | M250: 0 | N250: Solution ==> Quenching ==> Aging | O250: 949.85 | P250: 1 | Q250: 0 | R250: 449.85 | S250: 1 | T250: N | U250: 140 | V250: N/A | W250: N/A | X250: 32
A251: 302 | B251: 10.1016/j.pnsc.2017.06.006 | C251: Cu-Fe-Ni-Si | D251: 95.18 | E251: 0 | F251: 0 | G251: 0.37 | H251: 0 | I251: 3.52 | J251: 0 | K251: 0.93 | L251: 0 | M251: 0 | N251: Solution ==> Quenching ==> Aging | O251: 949.85 | P251: 1 | Q251: 0 | R251: 449.85 | S251: 1 | T251: N | U251: 152 | V251: N/A | W251: N/A | X251: 24
A252: 303 | B252: 10.1007/s11665-016-1987-6 and 10.1515/ntre-2019-0034 | C252: Cu-Ni-P-Si | D252: 97.585 | E252: 0 | F252: 0 | G252: 0 | H252: 0 | I252: 1.91 | J252: 0.035 | K252: 0.47 | L252: 0 | M252: 0 | N252: Solution ==> Quenching ==> Aging | O252: 949.85 | P252: 1 | Q252: 0 | R252: 399.85 | S252: 1 | T252: N | U252: N/A | V252: 188/MPa | W252: N/A | X252: 30
A253: 304 | B253: 10.1007/s11665-016-1987-6 and 10.1515/ntre-2019-0034 | C253: Cu-Ni-P-Si | D253: 97.585 | E253: 0 | F253: 0 | G253: 0 | H253: 0 | I253: 1.91 | J253: 0.035 | K253: 0.47 | L253: 0 | M253: 0 | N253: Solution ==> Quenching ==> Aging | O253: 949.85 | P253: 1 | Q253: 0 | R253: 449.85 | S253: 1 | T253: N | U253: N/A | V253: 199/MPa | W253: N/A | X253: 31
A254: 305 | B254: 10.1007/s11665-016-1987-6 and 10.1515/ntre-2019-0034 | C254: Cu-Ni-P-Si | D254: 97.585 | E254: 0 | F254: 0 | G254: 0 | H254: 0 | I254: 1.91 | J254: 0.035 | K254: 0.47 | L254: 0 | M254: 0 | N254: Solution ==> Quenching ==> Aging | O254: 949.85 | P254: 1 | Q254: 0 | R254: 499.85 | S254: 1 | T254: N | U254: N/A | V254: 222/MPa | W254: N/A | X254: 30
A255: 307 | B255: 10.1007/s11665-016-1987-6 and 10.1515/ntre-2019-0034 | C255: Cu-Ni-P-Si | D255: 97.585 | E255: 0 | F255: 0 | G255: 0 | H255: 0 | I255: 1.91 | J255: 0.035 | K255: 0.47 | L255: 0 | M255: 0 | N255: Solution ==> Quenching ==> Deformation ==> Aging | O255: 949.85 | P255: 1 | Q255: 60 | R255: 449.85 | S255: 1 | T255: N | U255: N/A | V255: 230/MPa | W255: N/A | X255: 36
A256: 308 | B256: 10.1007/s11665-016-1987-6 and 10.1515/ntre-2019-0034 | C256: Cu-Ni-P-Si | D256: 97.585 | E256: 0 | F256: 0 | G256: 0 | H256: 0 | I256: 1.91 | J256: 0.035 | K256: 0.47 | L256: 0 | M256: 0 | N256: Solution ==> Quenching ==> Deformation ==> Aging | O256: 949.85 | P256: 1 | Q256: 80 | R256: 449.85 | S256: 1 | T256: N | U256: N/A | V256: 240/MPa | W256: N/A | X256: 38
A257: 309 | B257: 10.2320/jinstmet1952.62.4_301 | C257: Cu-Ni-Si | D257: 97.943 | E257: 0 | F257: 0 | G257: 0 | H257: 0 | I257: 1.39 | J257: 0 | K257: 0.67 | L257: 0 | M257: 0 | N257: Solution ==> Quenching ==> Aging | O257: 949.85 | P257: 1 | Q257: 0 | R257: 499.85 | S257: 1 | T257: N | U257: 74 | V257: N/A | W257: N/A | X257: 22
A258: 310 | B258: 10.2320/jinstmet1952.62.4_301 | C258: Cu-Ni-Si | D258: 96.572 | E258: 0 | F258: 0 | G258: 0 | H258: 0 | I258: 2.34 | J258: 0 | K258: 1.09 | L258: 0 | M258: 0 | N258: Solution ==> Quenching ==> Aging | O258: 949.85 | P258: 1 | Q258: 0 | R258: 499.85 | S258: 1 | T258: N | U258: 197 | V258: N/A | W258: N/A | X258: 23
A259: 311 | B259: 10.2320/jinstmet1952.62.4_301 | C259: Cu-Ni-Si | D259: 94.402 | E259: 0 | F259: 0 | G259: 0 | H259: 0 | I259: 3.77 | J259: 0 | K259: 1.83 | L259: 0 | M259: 0 | N259: Solution ==> Quenching ==> Aging | O259: 949.85 | P259: 1 | Q259: 0 | R259: 499.85 | S259: 1 | T259: N | U259: 212 | V259: N/A | W259: N/A | X259: 16
A260: 312 | B260: 10.2320/jinstmet1952.62.4_301 | C260: Cu-Ni-Si | D260: 98.283 | E260: 0 | F260: 0 | G260: 0 | H260: 0 | I260: 1.38 | J260: 0 | K260: 0.33 | L260: 0 | M260: 0 | N260: Solution ==> Quenching ==> Aging | O260: 949.85 | P260: 1 | Q260: 0 | R260: 499.85 | S260: 1 | T260: N | U260: 66 | V260: N/A | W260: N/A | X260: 30
A261: 313 | B261: 10.2320/jinstmet1952.62.4_301 | C261: Cu-Ni-Si | D261: 97.128 | E261: 0 | F261: 0 | G261: 0 | H261: 0 | I261: 2.32 | J261: 0 | K261: 0.56 | L261: 0 | M261: 0 | N261: Solution ==> Quenching ==> Aging | O261: 949.85 | P261: 1 | Q261: 0 | R261: 499.85 | S261: 1 | T261: N | U261: 185 | V261: N/A | W261: N/A | X261: 43
A262: 314 | B262: 10.2320/jinstmet1952.62.4_301 | C262: Cu-Ni-Si | D262: 95.339 | E262: 0 | F262: 0 | G262: 0 | H262: 0 | I262: 3.77 | J262: 0 | K262: 0.89 | L262: 0 | M262: 0 | N262: Solution ==> Quenching ==> Aging | O262: 949.85 | P262: 1 | Q262: 0 | R262: 499.85 | S262: 1 | T262: N | U262: 228 | V262: N/A | W262: N/A | X262: 36
A263: 315 | B263: 10.2320/jinstmet1952.62.4_301 | C263: Cu-Ni-Si | D263: 98.347 | E263: 0 | F263: 0 | G263: 0 | H263: 0 | I263: 1.38 | J263: 0 | K263: 0.27 | L263: 0 | M263: 0 | N263: Solution ==> Quenching ==> Aging | O263: 949.85 | P263: 1 | Q263: 0 | R263: 499.85 | S263: 1 | T263: N | U263: 70 | V263: N/A | W263: N/A | X263: 32
A264: 316 | B264: 10.2320/jinstmet1952.62.4_301 | C264: Cu-Ni-Si | D264: 97.24 | E264: 0 | F264: 0 | G264: 0 | H264: 0 | I264: 2.31 | J264: 0 | K264: 0.45 | L264: 0 | M264: 0 | N264: Solution ==> Quenching ==> Aging | O264: 949.85 | P264: 1 | Q264: 0 | R264: 499.85 | S264: 1 | T264: N | U264: 170 | V264: N/A | W264: N/A | X264: 42
A265: 317 | B265: 10.2320/jinstmet1952.62.4_301 | C265: Cu-Ni-Si | D265: 95.518 | E265: 0 | F265: 0 | G265: 0 | H265: 0 | I265: 3.78 | J265: 0 | K265: 0.71 | L265: 0 | M265: 0 | N265: Solution ==> Quenching ==> Aging | O265: 949.85 | P265: 1 | Q265: 0 | R265: 499.85 | S265: 1 | T265: N | U265: 192 | V265: N/A | W265: N/A | X265: 35
A266: 318 | B266: 10.2320/jinstmet1952.62.4_301 | C266: Cu-Ni-Si | D266: 98.393 | E266: 0 | F266: 0 | G266: 0 | H266: 0 | I266: 1.39 | J266: 0 | K266: 0.22 | L266: 0 | M266: 0 | N266: Solution ==> Quenching ==> Aging | O266: 949.85 | P266: 1 | Q266: 0 | R266: 499.85 | S266: 1 | T266: N | U266: 70 | V266: N/A | W266: N/A | X266: 38
A267: 319 | B267: 10.2320/jinstmet1952.62.4_301 | C267: Cu-Ni-Si | D267: 93.886 | E267: 0 | F267: 0 | G267: 0 | H267: 0 | I267: 2.3 | J267: 0 | K267: 3.81 | L267: 0 | M267: 0 | N267: Solution ==> Quenching ==> Aging | O267: 949.85 | P267: 1 | Q267: 0 | R267: 499.85 | S267: 1 | T267: N | U267: 165 | V267: N/A | W267: N/A | X267: 44
A268: 320 | B268: 10.2320/jinstmet1952.62.4_301 | C268: Cu-Ni-Si | D268: 95.627 | E268: 0 | F268: 0 | G268: 0 | H268: 0 | I268: 3.76 | J268: 0 | K268: 0.61 | L268: 0 | M268: 0 | N268: Solution ==> Quenching ==> Aging | O268: 949.85 | P268: 1 | Q268: 0 | R268: 499.85 | S268: 1 | T268: N | U268: 192 | V268: N/A | W268: N/A | X268: 34
... A278: 330 | B278: 10.1016/j.pnsc.2017.06.006 | C278: Cu-Fe-Ni-Si | D278: 95.18 | E278: 0 | F278: 0 | G278: 0.37 | H278: 0 | I278: 3.52 | J278: 0 | K278: 0.93 | L278: 0 | M278: 0 | N278: Solution ==> Quenching ==> Aging | O278: 949.85 | P278: 1 | Q278: 0 | R278: 449.85 | S278: 2 | T278: N | U278: 197 | V278: N/A | W278: N/A | X278: 25
A279: 331 | B279: 10.1007/s11665-016-1987-6 and 10.1515/ntre-2019-0034 | C279: Cu-Ni-P-Si | D279: 97.585 | E279: 0 | F279: 0 | G279: 0 | H279: 0 | I279: 1.91 | J279: 0.035 | K279: 0.47 | L279: 0 | M279: 0 | N279: Solution ==> Quenching ==> Aging | O279: 949.85 | P279: 1 | Q279: 0 | R279: 399.85 | S279: 2 | T279: N | U279: N/A | V279: 183/MPa | W279: N/A | X279: 31
A280: 332 | B280: 10.1007/s11665-016-1987-6 and 10.1515/ntre-2019-0034 | C280: Cu-Ni-P-Si | D280: 97.585 | E280: 0 | F280: 0 | G280: 0 | H280: 0 | I280: 1.91 | J280: 0.035 | K280: 0.47 | L280: 0 | M280: 0 | N280: Solution ==> Quenching ==> Aging | O280: 949.85 | P280: 1 | Q280: 0 | R280: 449.85 | S280: 2 | T280: N | U280: N/A | V280: 205/MPa | W280: N/A | X280: 31
A281: 333 | B281: 10.1007/s11665-016-1987-6 and 10.1515/ntre-2019-0034 | C281: Cu-Ni-P-Si | D281: 97.585 | E281: 0 | F281: 0 | G281: 0 | H281: 0 | I281: 1.91 | J281: 0.035 | K281: 0.47 | L281: 0 | M281: 0 | N281: Solution ==> Quenching ==> Aging | O281: 949.85 | P281: 1 | Q281: 0 | R281: 499.85 | S281: 2 | T281: N | U281: N/A | V281: 224/MPa | W281: N/A | X281: 31
A282: 335 | B282: 10.1007/s11665-016-1987-6 and 10.1515/ntre-2019-0034 | C282: Cu-Ni-P-Si | D282: 97.585 | E282: 0 | F282: 0 | G282: 0 | H282: 0 | I282: 1.91 | J282: 0.035 | K282: 0.47 | L282: 0 | M282: 0 | N282: Solution ==> Quenching ==> Deformation ==> Aging | O282: 949.85 | P282: 1 | Q282: 60 | R282: 449.85 | S282: 2 | T282: N | U282: N/A | V282: 238/MPa | W282: N/A | X282: 37
A283: 336 | B283: 10.1007/s11665-016-1987-6 and 10.1515/ntre-2019-0034 | C283: Cu-Ni-P-Si | D283: 97.585 | E283: 0 | F283: 0 | G283: 0 | H283: 0 | I283: 1.91 | J283: 0.035 | K283: 0.47 | L283: 0 | M283: 0 | N283: Solution ==> Quenching ==> Deformation ==> Aging | O283: 949.85 | P283: 1 | Q283: 80 | R283: 449.85 | S283: 2 | T283: N | U283: N/A | V283: 223/MPa | W283: N/A | X283: 40
A284: 337 | B284: 10.2320/jinstmet1952.62.4_301 | C284: Cu-Ni-Si | D284: 97.943 | E284: 0 | F284: 0 | G284: 0 | H284: 0 | I284: 1.39 | J284: 0 | K284: 0.67 | L284: 0 | M284: 0 | N284: Solution ==> Quenching ==> Aging | O284: 949.85 | P284: 1 | Q284: 0 | R284: 499.85 | S284: 2 | T284: N | U284: 86 | V284: N/A | W284: N/A | X284: 23
A285: 338 | B285: 10.2320/jinstmet1952.62.4_301 | C285: Cu-Ni-Si | D285: 96.572 | E285: 0 | F285: 0 | G285: 0 | H285: 0 | I285: 2.34 | J285: 0 | K285: 1.09 | L285: 0 | M285: 0 | N285: Solution ==> Quenching ==> Aging | O285: 949.85 | P285: 1 | Q285: 0 | R285: 499.85 | S285: 2 | T285: N | U285: 195 | V285: N/A | W285: N/A | X285: 23
A286: 339 | B286: 10.2320/jinstmet1952.62.4_301 | C286: Cu-Ni-Si | D286: 94.402 | E286: 0 | F286: 0 | G286: 0 | H286: 0 | I286: 3.77 | J286: 0 | K286: 1.83 | L286: 0 | M286: 0 | N286: Solution ==> Quenching ==> Aging | O286: 949.85 | P286: 1 | Q286: 0 | R286: 499.85 | S286: 2 | T286: N | U286: 209 | V286: N/A | W286: N/A | X286: 17
A287: 340 | B287: 10.2320/jinstmet1952.62.4_301 | C287: Cu-Ni-Si | D287: 98.283 | E287: 0 | F287: 0 | G287: 0 | H287: 0 | I287: 1.38 | J287: 0 | K287: 0.33 | L287: 0 | M287: 0 | N287: Solution ==> Quenching ==> Aging | O287: 949.85 | P287: 1 | Q287: 0 | R287: 499.85 | S287: 2 | T287: N | U287: 68 | V287: N/A | W287: N/A | X287: 30
A288: 341 | B288: 10.2320/jinstmet1952.62.4_301 | C288: Cu-Ni-Si | D288: 97.128 | E288: 0 | F288: 0 | G288: 0 | H288: 0 | I288: 2.32 | J288: 0 | K288: 0.56 | L288: 0 | M288: 0 | N288: Solution ==> Quenching ==> Aging | O288: 949.85 | P288: 1 | Q288: 0 | R288: 499.85 | S288: 2 | T288: N | U288: 186 | V288: N/A | W288: N/A | X288: 40
A289: 342 | B289: 10.2320/jinstmet1952.62.4_301 | C289: Cu-Ni-Si | D289: 95.339 | E289: 0 | F289: 0 | G289: 0 | H289: 0 | I289: 3.77 | J289: 0 | K289: 0.89 | L289: 0 | M289: 0 | N289: Solution ==> Quenching ==> Aging | O289: 949.85 | P289: 1 | Q289: 0 | R289: 499.85 | S289: 2 | T289: N | U289: 233 | V289: N/A | W289: N/A | X289: 38
A290: 343 | B290: 10.2320/jinstmet1952.62.4_301 | C290: Cu-Ni-Si | D290: 98.347 | E290: 0 | F290: 0 | G290: 0 | H290: 0 | I290: 1.38 | J290: 0 | K290: 0.27 | L290: 0 | M290: 0 | N290: Solution ==> Quenching ==> Aging | O290: 949.85 | P290: 1 | Q290: 0 | R290: 499.85 | S290: 2 | T290: N | U290: 68 | V290: N/A | W290: N/A | X290: 32
A291: 344 | B291: 10.2320/jinstmet1952.62.4_301 | C291: Cu-Ni-Si | D291: 97.24 | E291: 0 | F291: 0 | G291: 0 | H291: 0 | I291: 2.31 | J291: 0 | K291: 0.45 | L291: 0 | M291: 0 | N291: Solution ==> Quenching ==> Aging | O291: 949.85 | P291: 1 | Q291: 0 | R291: 499.85 | S291: 2 | T291: N | U291: 181 | V291: N/A | W291: N/A | X291: 45
A292: 345 | B292: 10.2320/jinstmet1952.62.4_301 | C292: Cu-Ni-Si | D292: 95.518 | E292: 0 | F292: 0 | G292: 0 | H292: 0 | I292: 3.78 | J292: 0 | K292: 0.71 | L292: 0 | M292: 0 | N292: Solution ==> Quenching ==> Aging | O292: 949.85 | P292: 1 | Q292: 0 | R292: 499.85 | S292: 2 | T292: N | U292: 203 | V292: N/A | W292: N/A | X292: 37
A293: 346 | B293: 10.2320/jinstmet1952.62.4_301 | C293: Cu-Ni-Si | D293: 98.393 | E293: 0 | F293: 0 | G293: 0 | H293: 0 | I293: 1.39 | J293: 0 | K293: 0.22 | L293: 0 | M293: 0 | N293: Solution ==> Quenching ==> Aging | O293: 949.85 | P293: 1 | Q293: 0 | R293: 499.85 | S293: 2 | T293: N | U293: 61 | V293: N/A | W293: N/A | X293: 37
A294: 347 | B294: 10.2320/jinstmet1952.62.4_301 | C294: Cu-Ni-Si | D294: 93.886 | E294: 0 | F294: 0 | G294: 0 | H294: 0 | I294: 2.3 | J294: 0 | K294: 3.81 | L294: 0 | M294: 0 | N294: Solution ==> Quenching ==> Aging | O294: 949.85 | P294: 1 | Q294: 0 | R294: 499.85 | S294: 2 | T294: N | U294: 175 | V294: N/A | W294: N/A | X294: 47
A295: 348 | B295: 10.2320/jinstmet1952.62.4_301 | C295: Cu-Ni-Si | D295: 95.627 | E295: 0 | F295: 0 | G295: 0 | H295: 0 | I295: 3.76 | J295: 0 | K295: 0.61 | L295: 0 | M295: 0 | N295: Solution ==> Quenching ==> Aging | O295: 949.85 | P295: 1 | Q295: 0 | R295: 499.85 | S295: 2 | T295: N | U295: 205 | V295: N/A | W295: N/A | X295: 39
... A322: 377 | B322: https://www.ams.org.cn/EN/10.11900/0412.1961.2019.00080 | C322: Cu-Ni-Si | D322: 98.1 | E322: 0 | F322: 0 | G322: 0 | H322: 0 | I322: 1.5 | J322: 0 | K322: 0.4 | L322: 0 | M322: 0 | N322: Solution ==> Quenching ==> Aging | O322: 949.85 | P322: 1 | Q322: 0 | R322: 449.85 | S322: 4 | T322: N | U322: 172 | V322: N/A | W322: N/A | X322: 48
A323: 378 | B323: 10.1007/s11665-016-1987-6 and 10.1515/ntre-2019-0034 | C323: Cu-Ni-P-Si | D323: 97.585 | E323: 0 | F323: 0 | G323: 0 | H323: 0 | I323: 1.91 | J323: 0.035 | K323: 0.47 | L323: 0 | M323: 0 | N323: Solution ==> Quenching ==> Aging | O323: 949.85 | P323: 1 | Q323: 0 | R323: 399.85 | S323: 4 | T323: N | U323: N/A | V323: 189/MPa | W323: N/A | X323: 33
A324: 379 | B324: 10.1007/s11665-016-1987-6 and 10.1515/ntre-2019-0034 | C324: Cu-Ni-P-Si | D324: 97.585 | E324: 0 | F324: 0 | G324: 0 | H324: 0 | I324: 1.91 | J324: 0.035 | K324: 0.47 | L324: 0 | M324: 0 | N324: Solution ==> Quenching ==> Aging | O324: 949.85 | P324: 1 | Q324: 0 | R324: 449.85 | S324: 4 | T324: N | U324: N/A | V324: 209/MPa | W324: N/A | X324: 33
A325: 380 | B325: 10.1007/s11665-016-1987-6 and 10.1515/ntre-2019-0034 | C325: Cu-Ni-P-Si | D325: 97.585 | E325: 0 | F325: 0 | G325: 0 | H325: 0 | I325: 1.91 | J325: 0.035 | K325: 0.47 | L325: 0 | M325: 0 | N325: Solution ==> Quenching ==> Aging | O325: 949.85 | P325: 1 | Q325: 0 | R325: 499.85 | S325: 4 | T325: N | U325: N/A | V325: 226/MPa | W325: N/A | X325: 32
A326: 382 | B326: 10.1007/s11665-016-1987-6 and 10.1515/ntre-2019-0034 | C326: Cu-Ni-P-Si | D326: 97.585 | E326: 0 | F326: 0 | G326: 0 | H326: 0 | I326: 1.91 | J326: 0.035 | K326: 0.47 | L326: 0 | M326: 0 | N326: Solution ==> Quenching ==> Deformation ==> Aging | O326: 949.85 | P326: 1 | Q326: 60 | R326: 449.85 | S326: 4 | T326: N | U326: N/A | V326: 230/MPa | W326: N/A | X326: 39
A327: 383 | B327: 10.1007/s11665-016-1987-6 and 10.1515/ntre-2019-0034 | C327: Cu-Ni-P-Si | D327: 97.585 | E327: 0 | F327: 0 | G327: 0 | H327: 0 | I327: 1.91 | J327: 0.035 | K327: 0.47 | L327: 0 | M327: 0 | N327: Solution ==> Quenching ==> Deformation ==> Aging | O327: 949.85 | P327: 1 | Q327: 80 | R327: 449.85 | S327: 4 | T327: N | U327: N/A | V327: 216/MPa | W327: N/A | X327: 40
A328: 384 | B328: 10.2320/jinstmet1952.62.4_301 | C328: Cu-Ni-Si | D328: 97.943 | E328: 0 | F328: 0 | G328: 0 | H328: 0 | I328: 1.39 | J328: 0 | K328: 0.67 | L328: 0 | M328: 0 | N328: Solution ==> Quenching ==> Aging | O328: 949.85 | P328: 1 | Q328: 0 | R328: 499.85 | S328: 4 | T328: N | U328: 116 | V328: N/A | W328: N/A | X328: 28
A329: 385 | B329: 10.2320/jinstmet1952.62.4_301 | C329: Cu-Ni-Si | D329: 96.572 | E329: 0 | F329: 0 | G329: 0 | H329: 0 | I329: 2.34 | J329: 0 | K329: 1.09 | L329: 0 | M329: 0 | N329: Solution ==> Quenching ==> Aging | O329: 949.85 | P329: 1 | Q329: 0 | R329: 499.85 | S329: 4 | T329: N | U329: 175 | V329: N/A | W329: N/A | X329: 23
A330: 386 | B330: 10.2320/jinstmet1952.62.4_301 | C330: Cu-Ni-Si | D330: 94.402 | E330: 0 | F330: 0 | G330: 0 | H330: 0 | I330: 3.77 | J330: 0 | K330: 1.83 | L330: 0 | M330: 0 | N330: Solution ==> Quenching ==> Aging | O330: 949.85 | P330: 1 | Q330: 0 | R330: 499.85 | S330: 4 | T330: N | U330: 177 | V330: N/A | W330: N/A | X330: 17
A331: 387 | B331: 10.2320/jinstmet1952.62.4_301 | C331: Cu-Ni-Si | D331: 98.283 | E331: 0 | F331: 0 | G331: 0 | H331: 0 | I331: 1.38 | J331: 0 | K331: 0.33 | L331: 0 | M331: 0 | N331: Solution ==> Quenching ==> Aging | O331: 949.85 | P331: 1 | Q331: 0 | R331: 499.85 | S331: 4 | T331: N | U331: 69 | V331: N/A | W331: N/A | X331: 31
A332: 388 | B332: 10.2320/jinstmet1952.62.4_301 | C332: Cu-Ni-Si | D332: 97.128 | E332: 0 | F332: 0 | G332: 0 | H332: 0 | I332: 2.32 | J332: 0 | K332: 0.56 | L332: 0 | M332: 0 | N332: Solution ==> Quenching ==> Aging | O332: 949.85 | P332: 1 | Q332: 0 | R332: 499.85 | S332: 4 | T332: N | U332: 185 | V332: N/A | W332: N/A | X332: 40
A333: 389 | B333: 10.2320/jinstmet1952.62.4_301 | C333: Cu-Ni-Si | D333: 95.339 | E333: 0 | F333: 0 | G333: 0 | H333: 0 | I333: 3.77 | J333: 0 | K333: 0.89 | L333: 0 | M333: 0 | N333: Solution ==> Quenching ==> Aging | O333: 949.85 | P333: 1 | Q333: 0 | R333: 499.85 | S333: 4 | T333: N | U333: 177 | V333: N/A | W333: N/A | X333: 48
A334: 390 | B334: 10.2320/jinstmet1952.62.4_301 | C334: Cu-Ni-Si | D334: 98.347 | E334: 0 | F334: 0 | G334: 0 | H334: 0 | I334: 1.38 | J334: 0 | K334: 0.27 | L334: 0 | M334: 0 | N334: Solution ==> Quenching ==> Aging | O334: 949.85 | P334: 1 | Q334: 0 | R334: 499.85 | S334: 4 | T334: N | U334: 68 | V334: N/A | W334: N/A | X334: 32
A335: 391 | B335: 10.2320/jinstmet1952.62.4_301 | C335: Cu-Ni-Si | D335: 97.24 | E335: 0 | F335: 0 | G335: 0 | H335: 0 | I335: 2.31 | J335: 0 | K335: 0.45 | L335: 0 | M335: 0 | N335: Solution ==> Quenching ==> Aging | O335: 949.85 | P335: 1 | Q335: 0 | R335: 499.85 | S335: 4 | T335: N | U335: 178 | V335: N/A | W335: N/A | X335: 45
A336: 392 | B336: 10.2320/jinstmet1952.62.4_301 | C336: Cu-Ni-Si | D336: 98.393 | E336: 0 | F336: 0 | G336: 0 | H336: 0 | I336: 1.39 | J336: 0 | K336: 0.22 | L336: 0 | M336: 0 | N336: Solution ==> Quenching ==> Aging | O336: 949.85 | P336: 1 | Q336: 0 | R336: 499.85 | S336: 4 | T336: N | U336: 63 | V336: N/A | W336: N/A | X336: 36
A337: 393 | B337: 10.2320/jinstmet1952.62.4_301 | C337: Cu-Ni-Si | D337: 93.886 | E337: 0 | F337: 0 | G337: 0 | H337: 0 | I337: 2.3 | J337: 0 | K337: 3.81 | L337: 0 | M337: 0 | N337: Solution ==> Quenching ==> Aging | O337: 949.85 | P337: 1 | Q337: 0 | R337: 499.85 | S337: 4 | T337: N | U337: 172 | V337: N/A | W337: N/A | X337: 47
A338: 394 | B338: 10.2320/jinstmet1952.62.4_301 | C338: Cu-Ni-Si | D338: 95.627 | E338: 0 | F338: 0 | G338: 0 | H338: 0 | I338: 3.76 | J338: 0 | K338: 0.61 | L338: 0 | M338: 0 | N338: Solution ==> Quenching ==> Aging | O338: 949.85 | P338: 1 | Q338: 0 | R338: 499.85 | S338: 4 | T338: N | U338: 200 | V338: N/A | W338: N/A | X338: 38
A339: 395 | B339: 10.2320/jinstmet1952.62.4_301 | C339: Cu-Ni-Si | D339: 95.518 | E339: 0 | F339: 0 | G339: 0 | H339: 0 | I339: 3.78 | J339: 0 | K339: 0.71 | L339: 0 | M339: 0 | N339: Solution ==> Quenching ==> Aging | O339: 949.85 | P339: 1 | Q339: 0 | R339: 499.85 | S339: 4.5 | T339: N | U339: 154 | V339: N/A | W339: N/A | X339: 41
... A347: 403 | B347: 10.1016/j.msea.2006.07.121 | C347: Cu-Cr-Mg | D347: 99.53 | E347: 0 | F347: 0.28 | G347: 0 | H347: 0.19 | I347: 0 | J347: 0 | K347: 0 | L347: 0 | M347: 0 | N347: Solution ==> Quenching ==> Aging | O347: 949.85 | P347: 4 | Q347: 0 | R347: 509.85 | S347: 6 | T347: N | U347: 89 | V347: N/A | W347: N/A | X347: 88
A348: 404 | B348: 10.1007/s11665-016-1987-6 and 10.1515/ntre-2019-0034 | C348: Cu-Ni-P-Si | D348: 97.585 | E348: 0 | F348: 0 | G348: 0 | H348: 0 | I348: 1.91 | J348: 0.035 | K348: 0.47 | L348: 0 | M348: 0 | N348: Solution ==> Quenching ==> Aging | O348: 949.85 | P348: 1 | Q348: 0 | R348: 399.85 | S348: 6 | T348: N | U348: N/A | V348: 185/MPa | W348: N/A | X348: 33
...

Sheet Hardness-EC
D1: Ni–Si base + Ni–Si + modifiers: NiSi_family (0) | M1: Elemental Melting point | N1: 1084.62 | O1: 660.32 | P1: 1907 | Q1: 650 | R1: 1455 | S1: 1414 | T1: 1855
D2: Cr base / Cr + modifiers: Cr_family (1) | M2: Valence Electron Count | N2: 11 | O2: 3 | P2: 6 | Q2: 2 | R2: 10 | S2: 4 | T2: 4 | U2: N | AS2: Solution ==> Quenching ==> Deformation ==> Aging ==> Secondary TMP ==> Secondary Aging (2) | AZ2: 冷变形后在时效中的累计作用量，反映位错辅助析出的“持续剂量” | BB2: 固溶时效温差代理过饱和度与析出潜力
D3: Cr–Ni–Si hybrid (含 Cr 且含 Ni+Si): Hybrid_family (2) | M3: Pauling Electronegativity | N3: 1.9 | O3: 1.61 | P3: 1.66 | Q3: 1.31 | R3: 1.91 | S3: 1.9 | T3: 1.33 | U3: N | AI3: Atomic-Size-Mismatch | AK3: Pauling-Electronegativity | AL3: Valence-Electron-Concentration | AM3: VEC | AP3: Herfindahl–Hirschman Index | AQ3: 1/HHI | AS3: Solution ==> Quenching ==> Aging (0) | AY3: 冷加工缺陷 × 扩散温度窗口，形变诱导析出/回复驱动力强弱 | BA3: 时效强弱总量指标控制析出进程、EC恢复程度与过时效风险 | BI3: SQRT{(z(HV)-z(HV)^*)^2+(z(100-EC)-z(100-EC)^*)^2}
D4: Alloy_Family | E4: 元素质量分数 | F4: 63.546 | G4: 26.982 | H4: 51.996 | I4: 24.305 | J4: 58.693 | K4: 28.085 | L4: 91.224 | M4: 金属原子半径/Å | N4: 1.28 | O4: 1.43 | P4: 1.28 | Q4: 1.6 | R4: 1.24 | S4: 1.11 | T4: 1.6 | U4: Sum-Atom | V4: W{Ni}/W{Si} | W4: W{Ni}+W{Si} | X4: W{Ni}*W{Si} | Y4: W{Mg}/W{Ni+Si} | Z4: W{Zr}/W{Ni+Si} | AA4: W{Cr}/W{Zr} | AB4: W{Cr}+W{Zr} | AC4: W{Cr}*W{Zr} | AD4: W{Mg}/W{Cr} | AE4: W{Cr}/W{Ni+Si} | AF4: W{Ni+Si}/W{Cr} | AG4: Hybrid_index | AH4: Total_Alloying | AI4: 尺寸错配 | AJ4: 平均化学键合特征 | AK4: 电负性方差 | AL4: 价电子浓度方差 | AM4: 价电子浓度 | AN4: 熔点 | AO4: 混合熵 | AP4: 成分集中度 | AQ4: 等效参与元素数 | AS4: Solution ==> Quenching ==> Deformation ==> Aging (1) | AY4: 形变×扩散耦 | AZ4: 形变×时效量 | BA4: 时效强度 | BB4: 过饱和窗口 | BH4: z(Hardness) - lambda*z(100-EC)
A5: ID | B5: DOI | C5: Alloy-Series | D5: Family | E5: 元素名称 | F5: Cu/wt.% | G5: Al/wt.% | H5: Cr/wt.% | I5: Mg/wt.% | J5: Ni/wt.% | K5: Si/wt.% | L5: Zr/wt.% | M5: 元素名称 | N5: Cu/at.% | O5: Al/at.% | P5: Cr/at.% | Q5: Mg/at.% | R5: Ni/at.% | S5: Si/at.% | T5: Zr/at.% | U5: Sum-Atom | V5: Ni/Si | W5: Ni+Si | X5: Ni*Si | Y5: Mg/(Ni+Si) | Z5: Zr/(Ni+Si) | AA5: Cr/Zr | AB5: Cr+Zr | AC5: Cr*Zr | AD5: Mg/Cr | AE5: Cr/(Ni+Si) | AF5: W{Ni+Si}/W{Cr} | AG5: W{Ni+Si}*W{Cr} | AH5: TAlloying | AI5: δ | AJ5: χavg | AK5: χvar | AL5: VECvar | AM5: VECavg | AN5: Tmavg | AO5: Smix | AP5: HHI | AQ5: N_eff | AR5: Processing_route | AS5: One-Hot-Processing | AT5: Solution_Temperature/℃ | AU5: Solution_Time/h | AV5: CR_Reduction/% | AW5: Aging_Temperature/℃ | AX5: Aging_Time/h | AY5: CR_x_ATem | AZ5: CR_x_Atime | BA5: ATem_x_Atime | BB5: STem-ATem | BC5: Secondary TMP | BD5: Hardness/HV | BE5: YS | BF5: UTS | BG5: EC/%IACS | BH5: Q3 | BI5: Q3-Euclidean
A6: 1173 | B6: 10.1016/j.jallcom.2016.11.137 | C6: =_xlfn.XLOOKUP(A6,All!$A:$A,All!$C:$C,"") -> Cu-Al-Cr-Mg-Ni-Si | D6: 2 | E6: 质量分数 | F6: =100-SUM(G6:L6) -> 92.25 | G6: 0.5 | H6: 0.1 | I6: 0.15 | J6: 6 | K6: 1 | L6: 0 | M6: 摩尔分数 | N6: {=(F6/$F$4)/SUMPRODUCT($F6:$L6/$F$4:$L$4)*100} -> 89.824126 | O6: {=(G6/$G$4)/SUMPRODUCT($F6:$L6/$F$4:$L$4)*100} -> 1.1465968 | P6: {=(H6/$H$4)/SUMPRODUCT($F6:$L6/$F$4:$L$4)*100} -> 0.11899944 | Q6: {=(I6/$I$4)/SUMPRODUCT($F6:$L6/$F$4:$L$4)*100} -> 0.38186555 | R6: {=(J6/$J$4)/SUMPRODUCT($F6:$L6/$F$4:$L$4)*100} -> 6.3252805 | S6: {=(K6/$K$4)/SUMPRODUCT($F6:$L6/$F$4:$L$4)*100} -> 2.2031315 | T6: {=(L6/$L$4)/SUMPRODUCT($F6:$L6/$F$4:$L$4)*100} -> 0 | U6: =SUM(N6:T6) -> 100 | V6: =IF(K6<>0,J6/(K6),0) -> 6 | W6: =J6+K6 -> 7 | X6: =J6*K6 -> 6 | Y6: =IF(J6+K6<>0,I6/(J6+K6),0) -> 0.021428571 | Z6: =IF(J6+K6<>0,L6/(J6+K6),0) -> 0 | AA6: =IF(L6<>0,H6/(L6),0) -> 0 | AB6: =H6+L6 -> 0.1 | AC6: =H6*L6 -> 0 | AD6: =IF(H6<>0,P6/(H6),0) -> 1.1899944 | AE6: =IF(J6+K6<>0,H6/(J6+K6),0) -> 0.014285714 | AF6: =IF(H6<>0,(J6+K6)/(H6),0) -> 70 | AG6: =(J6+K6)*H6 -> 0.7 | AH6: =(100-N6)% -> 0.10175874 | AI6: {=SQRT(SUMPRODUCT(N6:T6/100,(1-($N$4:$T$4/(SUMPRODUCT(N6:T6,$N$4:$T$4)/100)))^2))} -> 0.029053738 | AJ6: {=SUMPRODUCT(N6:T6,$N$3:$T$3)/100} -> 1.8947688 | AK6: {=SUMPRODUCT(N6:T6/100,($N$3:$T$3-(SUMPRODUCT(N6:T6,$N$3:$T$3)/100))^2)} -> 0.0023410653 | AL6: {=SUMPRODUCT(N6:T6/100,($N$2:$T$2-(SUMPRODUCT(N6:T6,$N$2:$T$2)/100))^2)} -> 2.0935075 | AM6: {=SUMPRODUCT(N6:T6,$N$2:$T$2)/100} -> 10.650482 | AN6: {=SUMPRODUCT(N6:T6,$N$1:$T$1)/100} -> 1109.7582 | AO6: {=-8.314*SUMPRODUCT((N6:T6/100)*LN(N6:T6/100+0.000000000001))} -> 3.6213944 | AP6: {=SUMPRODUCT((N6:T6/100)^2)} -> 0.81147113 | AQ6: {=1/SUMPRODUCT((N6:T6/100)^2)} -> 1.2323297 | AR6: Solution ==> Quenching ==> Deformation ==> Aging ==> Secondary TMP ==> Secondary Aging | AS6: =IF(AR6="Solution ==> Quenching ==> Deformation ==> Aging ==> Secondary TMP ==> Secondary Aging",2,IF(AR6="Solution ==> Quenching ==> Deformation ==> Aging",1,IF(AR6="Solution ==> Quenching ==> Aging",0,""))) -> 2 | AT6: 979.85 | AU6: 4 | AV6: 50 | AW6: 399.85 | AX6: 8 | AY6: =AV6%*AW6 -> 199.925 | AZ6: =AV6%*AX6 -> 4 | BA6: =AW6*AX6 -> 3198.8 | BB6: =AT6-AW6 -> 580 | BC6: Y | BD6: 166 | BE6: N/A | BF6: N/A | BG6: 64 | BH6: =IF(OR(BD6="",BG6=""),"",((BD6-AVERAGE($BD$6:$BD$1143))/_xlfn.STDEV.S($BD$6:$BD$1143))-$BJ$1*((AVERAGE($BG$6:$BG$1143)-BG6)/_xlfn.STDEV.S($BG$6:$BG$1143))) -> -0.58945564 | BI6: =SQRT((1-(BD6-MIN($BD$6:$BD$1143))/(MAX($BD$6:$BD$1143)-MIN($BD$6:$BD$1143)))^2+(1-(BG6-MIN($BG$6:$BG$1143))/(MAX($BG$6:$BG$1143)-MIN($BG$6:$BG$1143)))^2) -> 0.76020916
A7: 1178 | B7: 10.1016/j.jallcom.2016.11.137 | C7: =_xlfn.XLOOKUP(A7,All!$A:$A,All!$C:$C,"") -> Cu-Al-Cr-Mg-Ni-Si | D7: 2 | E7: 质量分数 | F7: =100-SUM(G7:L7) -> 92.25 | G7: 0.5 | H7: 0.1 | I7: 0.15 | J7: 6 | K7: 1 | L7: 0 | M7: 摩尔分数 | N7: {=(F7/$F$4)/SUMPRODUCT($F7:$L7/$F$4:$L$4)*100} -> 89.824126 | O7: {=(G7/$G$4)/SUMPRODUCT($F7:$L7/$F$4:$L$4)*100} -> 1.1465968 | P7: {=(H7/$H$4)/SUMPRODUCT($F7:$L7/$F$4:$L$4)*100} -> 0.11899944 | Q7: {=(I7/$I$4)/SUMPRODUCT($F7:$L7/$F$4:$L$4)*100} -> 0.38186555 | R7: {=(J7/$J$4)/SUMPRODUCT($F7:$L7/$F$4:$L$4)*100} -> 6.3252805 | S7: {=(K7/$K$4)/SUMPRODUCT($F7:$L7/$F$4:$L$4)*100} -> 2.2031315 | T7: {=(L7/$L$4)/SUMPRODUCT($F7:$L7/$F$4:$L$4)*100} -> 0 | U7: =SUM(N7:T7) -> 100 | V7: =IF(K7<>0,J7/(K7),0) -> 6 | W7: =J7+K7 -> 7 | X7: =J7*K7 -> 6 | Y7: =IF(J7+K7<>0,I7/(J7+K7),0) -> 0.021428571 | Z7: =IF(J7+K7<>0,L7/(J7+K7),0) -> 0 | AA7: =IF(L7<>0,H7/(L7),0) -> 0 | AB7: =H7+L7 -> 0.1 | AC7: =H7*L7 -> 0 | AD7: =IF(H7<>0,P7/(H7),0) -> 1.1899944 | AE7: =IF(J7+K7<>0,H7/(J7+K7),0) -> 0.014285714 | AF7: =IF(H7<>0,(J7+K7)/(H7),0) -> 70 | AG7: =(J7+K7)*H7 -> 0.7 | AH7: =(100-N7)% -> 0.10175874 | AI7: {=SQRT(SUMPRODUCT(N7:T7/100,(1-($N$4:$T$4/(SUMPRODUCT(N7:T7,$N$4:$T$4)/100)))^2))} -> 0.029053738 | AJ7: {=SUMPRODUCT(N7:T7,$N$3:$T$3)/100} -> 1.8947688 | AK7: {=SUMPRODUCT(N7:T7/100,($N$3:$T$3-(SUMPRODUCT(N7:T7,$N$3:$T$3)/100))^2)} -> 0.0023410653 | AL7: {=SUMPRODUCT(N7:T7/100,($N$2:$T$2-(SUMPRODUCT(N7:T7,$N$2:$T$2)/100))^2)} -> 2.0935075 | AM7: {=SUMPRODUCT(N7:T7,$N$2:$T$2)/100} -> 10.650482 | AN7: {=SUMPRODUCT(N7:T7,$N$1:$T$1)/100} -> 1109.7582 | AO7: {=-8.314*SUMPRODUCT((N7:T7/100)*LN(N7:T7/100+0.000000000001))} -> 3.6213944 | AP7: {=SUMPRODUCT((N7:T7/100)^2)} -> 0.81147113 | AQ7: {=1/SUMPRODUCT((N7:T7/100)^2)} -> 1.2323297 | AR7: Solution ==> Quenching ==> Deformation ==> Aging ==> Secondary TMP ==> Secondary Aging | AS7: =IF(AR7="Solution ==> Quenching ==> Deformation ==> Aging ==> Secondary TMP ==> Secondary Aging",2,IF(AR7="Solution ==> Quenching ==> Deformation ==> Aging",1,IF(AR7="Solution ==> Quenching ==> Aging",0,""))) -> 2 | AT7: 979.85 | AU7: 4 | AV7: 50 | AW7: 449.85 | AX7: 8 | AY7: =AV7%*AW7 -> 224.925 | AZ7: =AV7%*AX7 -> 4 | BA7: =AW7*AX7 -> 3598.8 | BB7: =AT7-AW7 -> 530 | BC7: Y | BD7: 145 | BE7: N/A | BF7: N/A | BG7: 63 | BH7: =IF(OR(BD7="",BG7=""),"",((BD7-AVERAGE($BD$6:$BD$1143))/_xlfn.STDEV.S($BD$6:$BD$1143))-$BJ$1*((AVERAGE($BG$6:$BG$1143)-BG7)/_xlfn.STDEV.S($BG$6:$BG$1143))) -> -0.85953506 | BI7: =SQRT((1-(BD7-MIN($BD$6:$BD$1143))/(MAX($BD$6:$BD$1143)-MIN($BD$6:$BD$1143)))^2+(1-(BG7-MIN($BG$6:$BG$1143))/(MAX($BG$6:$BG$1143)-MIN($BG$6:$BG$1143)))^2) -> 0.82335729
A8: 1177 | B8: 10.1016/j.jallcom.2016.11.137 | C8: =_xlfn.XLOOKUP(A8,All!$A:$A,All!$C:$C,"") -> Cu-Al-Cr-Mg-Ni-Si | D8: 2 | E8: 质量分数 | F8: =100-SUM(G8:L8) -> 92.25 | G8: 0.5 | H8: 0.1 | I8: 0.15 | J8: 6 | K8: 1 | L8: 0 | M8: 摩尔分数 | N8: {=(F8/$F$4)/SUMPRODUCT($F8:$L8/$F$4:$L$4)*100} -> 89.824126 | O8: {=(G8/$G$4)/SUMPRODUCT($F8:$L8/$F$4:$L$4)*100} -> 1.1465968 | P8: {=(H8/$H$4)/SUMPRODUCT($F8:$L8/$F$4:$L$4)*100} -> 0.11899944 | Q8: {=(I8/$I$4)/SUMPRODUCT($F8:$L8/$F$4:$L$4)*100} -> 0.38186555 | R8: {=(J8/$J$4)/SUMPRODUCT($F8:$L8/$F$4:$L$4)*100} -> 6.3252805 | S8: {=(K8/$K$4)/SUMPRODUCT($F8:$L8/$F$4:$L$4)*100} -> 2.2031315 | T8: {=(L8/$L$4)/SUMPRODUCT($F8:$L8/$F$4:$L$4)*100} -> 0 | U8: =SUM(N8:T8) -> 100 | V8: =IF(K8<>0,J8/(K8),0) -> 6 | W8: =J8+K8 -> 7 | X8: =J8*K8 -> 6 | Y8: =IF(J8+K8<>0,I8/(J8+K8),0) -> 0.021428571 | Z8: =IF(J8+K8<>0,L8/(J8+K8),0) -> 0 | AA8: =IF(L8<>0,H8/(L8),0) -> 0 | AB8: =H8+L8 -> 0.1 | AC8: =H8*L8 -> 0 | AD8: =IF(H8<>0,P8/(H8),0) -> 1.1899944 | AE8: =IF(J8+K8<>0,H8/(J8+K8),0) -> 0.014285714 | AF8: =IF(H8<>0,(J8+K8)/(H8),0) -> 70 | AG8: =(J8+K8)*H8 -> 0.7 | AH8: =(100-N8)% -> 0.10175874 | AI8: {=SQRT(SUMPRODUCT(N8:T8/100,(1-($N$4:$T$4/(SUMPRODUCT(N8:T8,$N$4:$T$4)/100)))^2))} -> 0.029053738 | AJ8: {=SUMPRODUCT(N8:T8,$N$3:$T$3)/100} -> 1.8947688 | AK8: {=SUMPRODUCT(N8:T8/100,($N$3:$T$3-(SUMPRODUCT(N8:T8,$N$3:$T$3)/100))^2)} -> 0.0023410653 | AL8: {=SUMPRODUCT(N8:T8/100,($N$2:$T$2-(SUMPRODUCT(N8:T8,$N$2:$T$2)/100))^2)} -> 2.0935075 | AM8: {=SUMPRODUCT(N8:T8,$N$2:$T$2)/100} -> 10.650482 | AN8: {=SUMPRODUCT(N8:T8,$N$1:$T$1)/100} -> 1109.7582 | AO8: {=-8.314*SUMPRODUCT((N8:T8/100)*LN(N8:T8/100+0.000000000001))} -> 3.6213944 | AP8: {=SUMPRODUCT((N8:T8/100)^2)} -> 0.81147113 | AQ8: {=1/SUMPRODUCT((N8:T8/100)^2)} -> 1.2323297 | AR8: Solution ==> Quenching ==> Deformation ==> Aging ==> Secondary TMP ==> Secondary Aging | AS8: =IF(AR8="Solution ==> Quenching ==> Deformation ==> Aging ==> Secondary TMP ==> Secondary Aging",2,IF(AR8="Solution ==> Quenching ==> Deformation ==> Aging",1,IF(AR8="Solution ==> Quenching ==> Aging",0,""))) -> 2 | AT8: 979.85 | AU8: 4 | AV8: 50 | AW8: 399.85 | AX8: 8 | AY8: =AV8%*AW8 -> 199.925 | AZ8: =AV8%*AX8 -> 4 | BA8: =AW8*AX8 -> 3198.8 | BB8: =AT8-AW8 -> 580 | BC8: Y | BD8: 184 | BE8: N/A | BF8: N/A | BG8: 63 | BH8: =IF(OR(BD8="",BG8=""),"",((BD8-AVERAGE($BD$6:$BD$1143))/_xlfn.STDEV.S($BD$6:$BD$1143))-$BJ$1*((AVERAGE($BG$6:$BG$1143)-BG8)/_xlfn.STDEV.S($BG$6:$BG$1143))) -> -0.35795899 | BI8: =SQRT((1-(BD8-MIN($BD$6:$BD$1143))/(MAX($BD$6:$BD$1143)-MIN($BD$6:$BD$1143)))^2+(1-(BG8-MIN($BG$6:$BG$1143))/(MAX($BG$6:$BG$1143)-MIN($BG$6:$BG$1143)))^2) -> 0.71787878
A9: 1174 | B9: 10.1016/j.jallcom.2016.11.137 | C9: =_xlfn.XLOOKUP(A9,All!$A:$A,All!$C:$C,"") -> Cu-Al-Cr-Mg-Ni-Si | D9: 2 | E9: 质量分数 | F9: =100-SUM(G9:L9) -> 92.25 | G9: 0.5 | H9: 0.1 | I9: 0.15 | J9: 6 | K9: 1 | L9: 0 | M9: 摩尔分数 | N9: {=(F9/$F$4)/SUMPRODUCT($F9:$L9/$F$4:$L$4)*100} -> 89.824126 | O9: {=(G9/$G$4)/SUMPRODUCT($F9:$L9/$F$4:$L$4)*100} -> 1.1465968 | P9: {=(H9/$H$4)/SUMPRODUCT($F9:$L9/$F$4:$L$4)*100} -> 0.11899944 | Q9: {=(I9/$I$4)/SUMPRODUCT($F9:$L9/$F$4:$L$4)*100} -> 0.38186555 | R9: {=(J9/$J$4)/SUMPRODUCT($F9:$L9/$F$4:$L$4)*100} -> 6.3252805 | S9: {=(K9/$K$4)/SUMPRODUCT($F9:$L9/$F$4:$L$4)*100} -> 2.2031315 | T9: {=(L9/$L$4)/SUMPRODUCT($F9:$L9/$F$4:$L$4)*100} -> 0 | U9: =SUM(N9:T9) -> 100 | V9: =IF(K9<>0,J9/(K9),0) -> 6 | W9: =J9+K9 -> 7 | X9: =J9*K9 -> 6 | Y9: =IF(J9+K9<>0,I9/(J9+K9),0) -> 0.021428571 | Z9: =IF(J9+K9<>0,L9/(J9+K9),0) -> 0 | AA9: =IF(L9<>0,H9/(L9),0) -> 0 | AB9: =H9+L9 -> 0.1 | AC9: =H9*L9 -> 0 | AD9: =IF(H9<>0,P9/(H9),0) -> 1.1899944 | AE9: =IF(J9+K9<>0,H9/(J9+K9),0) -> 0.014285714 | AF9: =IF(H9<>0,(J9+K9)/(H9),0) -> 70 | AG9: =(J9+K9)*H9 -> 0.7 | AH9: =(100-N9)% -> 0.10175874 | AI9: {=SQRT(SUMPRODUCT(N9:T9/100,(1-($N$4:$T$4/(SUMPRODUCT(N9:T9,$N$4:$T$4)/100)))^2))} -> 0.029053738 | AJ9: {=SUMPRODUCT(N9:T9,$N$3:$T$3)/100} -> 1.8947688 | AK9: {=SUMPRODUCT(N9:T9/100,($N$3:$T$3-(SUMPRODUCT(N9:T9,$N$3:$T$3)/100))^2)} -> 0.0023410653 | AL9: {=SUMPRODUCT(N9:T9/100,($N$2:$T$2-(SUMPRODUCT(N9:T9,$N$2:$T$2)/100))^2)} -> 2.0935075 | AM9: {=SUMPRODUCT(N9:T9,$N$2:$T$2)/100} -> 10.650482 | AN9: {=SUMPRODUCT(N9:T9,$N$1:$T$1)/100} -> 1109.7582 | AO9: {=-8.314*SUMPRODUCT((N9:T9/100)*LN(N9:T9/100+0.000000000001))} -> 3.6213944 | AP9: {=SUMPRODUCT((N9:T9/100)^2)} -> 0.81147113 | AQ9: {=1/SUMPRODUCT((N9:T9/100)^2)} -> 1.2323297 | AR9: Solution ==> Quenching ==> Deformation ==> Aging ==> Secondary TMP ==> Secondary Aging | AS9: =IF(AR9="Solution ==> Quenching ==> Deformation ==> Aging ==> Secondary TMP ==> Secondary Aging",2,IF(AR9="Solution ==> Quenching ==> Deformation ==> Aging",1,IF(AR9="Solution ==> Quenching ==> Aging",0,""))) -> 2 | AT9: 979.85 | AU9: 4 | AV9: 50 | AW9: 449.85 | AX9: 8 | AY9: =AV9%*AW9 -> 224.925 | AZ9: =AV9%*AX9 -> 4 | BA9: =AW9*AX9 -> 3598.8 | BB9: =AT9-AW9 -> 530 | BC9: Y | BD9: 148 | BE9: N/A | BF9: N/A | BG9: 62 | BH9: =IF(OR(BD9="",BG9=""),"",((BD9-AVERAGE($BD$6:$BD$1143))/_xlfn.STDEV.S($BD$6:$BD$1143))-$BJ$1*((AVERAGE($BG$6:$BG$1143)-BG9)/_xlfn.STDEV.S($BG$6:$BG$1143))) -> -0.82095229 | BI9: =SQRT((1-(BD9-MIN($BD$6:$BD$1143))/(MAX($BD$6:$BD$1143)-MIN($BD$6:$BD$1143)))^2+(1-(BG9-MIN($BG$6:$BG$1143))/(MAX($BG$6:$BG$1143)-MIN($BG$6:$BG$1143)))^2) -> 0.82074026
A10: 1150 | B10: 10.1016/j.jallcom.2016.11.137 | C10: =_xlfn.XLOOKUP(A10,All!$A:$A,All!$C:$C,"") -> Cu-Al-Cr-Mg-Ni-Si | D10: 2 | E10: 质量分数 | F10: =100-SUM(G10:L10) -> 92.25 | G10: 0.5 | H10: 0.1 | I10: 0.15 | J10: 6 | K10: 1 | L10: 0 | M10: 摩尔分数 | N10: {=(F10/$F$4)/SUMPRODUCT($F10:$L10/$F$4:$L$4)*100} -> 89.824126 | O10: {=(G10/$G$4)/SUMPRODUCT($F10:$L10/$F$4:$L$4)*100} -> 1.1465968 | P10: {=(H10/$H$4)/SUMPRODUCT($F10:$L10/$F$4:$L$4)*100} -> 0.11899944 | Q10: {=(I10/$I$4)/SUMPRODUCT($F10:$L10/$F$4:$L$4)*100} -> 0.38186555 | R10: {=(J10/$J$4)/SUMPRODUCT($F10:$L10/$F$4:$L$4)*100} -> 6.3252805 | S10: {=(K10/$K$4)/SUMPRODUCT($F10:$L10/$F$4:$L$4)*100} -> 2.2031315 | T10: {=(L10/$L$4)/SUMPRODUCT($F10:$L10/$F$4:$L$4)*100} -> 0 | U10: =SUM(N10:T10) -> 100 | V10: =IF(K10<>0,J10/(K10),0) -> 6 | W10: =J10+K10 -> 7 | X10: =J10*K10 -> 6 | Y10: =IF(J10+K10<>0,I10/(J10+K10),0) -> 0.021428571 | Z10: =IF(J10+K10<>0,L10/(J10+K10),0) -> 0 | AA10: =IF(L10<>0,H10/(L10),0) -> 0 | AB10: =H10+L10 -> 0.1 | AC10: =H10*L10 -> 0 | AD10: =IF(H10<>0,P10/(H10),0) -> 1.1899944 | AE10: =IF(J10+K10<>0,H10/(J10+K10),0) -> 0.014285714 | AF10: =IF(H10<>0,(J10+K10)/(H10),0) -> 70 | AG10: =(J10+K10)*H10 -> 0.7 | AH10: =(100-N10)% -> 0.10175874 | AI10: {=SQRT(SUMPRODUCT(N10:T10/100,(1-($N$4:$T$4/(SUMPRODUCT(N10:T10,$N$4:$T$4)/100)))^2))} -> 0.029053738 | AJ10: {=SUMPRODUCT(N10:T10,$N$3:$T$3)/100} -> 1.8947688 | AK10: {=SUMPRODUCT(N10:T10/100,($N$3:$T$3-(SUMPRODUCT(N10:T10,$N$3:$T$3)/100))^2)} -> 0.0023410653 | AL10: {=SUMPRODUCT(N10:T10/100,($N$2:$T$2-(SUMPRODUCT(N10:T10,$N$2:$T$2)/100))^2)} -> 2.0935075 | AM10: {=SUMPRODUCT(N10:T10,$N$2:$T$2)/100} -> 10.650482 | AN10: {=SUMPRODUCT(N10:T10,$N$1:$T$1)/100} -> 1109.7582 | AO10: {=-8.314*SUMPRODUCT((N10:T10/100)*LN(N10:T10/100+0.000000000001))} -> 3.6213944 | AP10: {=SUMPRODUCT((N10:T10/100)^2)} -> 0.81147113 | AQ10: {=1/SUMPRODUCT((N10:T10/100)^2)} -> 1.2323297 | AR10: Solution ==> Quenching ==> Deformation ==> Aging ==> Secondary TMP ==> Secondary Aging | AS10: =IF(AR10="Solution ==> Quenching ==> Deformation ==> Aging ==> Secondary TMP ==> Secondary Aging",2,IF(AR10="Solution ==> Quenching ==> Deformation ==> Aging",1,IF(AR10="Solution ==> Quenching ==> Aging",0,""))) -> 2 | AT10: 979.85 | AU10: 4 | AV10: 50 | AW10: 449.85 | AX10: 6 | AY10: =AV10%*AW10 -> 224.925 | AZ10: =AV10%*AX10 -> 3 | BA10: =AW10*AX10 -> 2699.1 | BB10: =AT10-AW10 -> 530 | BC10: Y | BD10: 149 | BE10: N/A | BF10: N/A | BG10: 62 | BH10: =IF(OR(BD10="",BG10=""),"",((BD10-AVERAGE($BD$6:$BD$1143))/_xlfn.STDEV.S($BD$6:$BD$1143))-$BJ$1*((AVERAGE($BG$6:$BG$1143)-BG10)/_xlfn.STDEV.S($BG$6:$BG$1143))) -> -0.80809136 | BI10: =SQRT((1-(BD10-MIN($BD$6:$BD$1143))/(MAX($BD$6:$BD$1143)-MIN($BD$6:$BD$1143)))^2+(1-(BG10-MIN($BG$6:$BG$1143))/(MAX($BG$6:$BG$1143)-MIN($BG$6:$BG$1143)))^2) -> 0.81801288
A11: 1122 | B11: 10.1016/j.jallcom.2016.11.137 | C11: =_xlfn.XLOOKUP(A11,All!$A:$A,All!$C:$C,"") -> Cu-Al-Cr-Mg-Ni-Si | D11: 2 | E11: 质量分数 | F11: =100-SUM(G11:L11) -> 92.25 | G11: 0.5 | H11: 0.1 | I11: 0.15 | J11: 6 | K11: 1 | L11: 0 | M11: 摩尔分数 | N11: {=(F11/$F$4)/SUMPRODUCT($F11:$L11/$F$4:$L$4)*100} -> 89.824126 | O11: {=(G11/$G$4)/SUMPRODUCT($F11:$L11/$F$4:$L$4)*100} -> 1.1465968 | P11: {=(H11/$H$4)/SUMPRODUCT($F11:$L11/$F$4:$L$4)*100} -> 0.11899944 | Q11: {=(I11/$I$4)/SUMPRODUCT($F11:$L11/$F$4:$L$4)*100} -> 0.38186555 | R11: {=(J11/$J$4)/SUMPRODUCT($F11:$L11/$F$4:$L$4)*100} -> 6.3252805 | S11: {=(K11/$K$4)/SUMPRODUCT($F11:$L11/$F$4:$L$4)*100} -> 2.2031315 | T11: {=(L11/$L$4)/SUMPRODUCT($F11:$L11/$F$4:$L$4)*100} -> 0 | U11: =SUM(N11:T11) -> 100 | V11: =IF(K11<>0,J11/(K11),0) -> 6 | W11: =J11+K11 -> 7 | X11: =J11*K11 -> 6 | Y11: =IF(J11+K11<>0,I11/(J11+K11),0) -> 0.021428571 | Z11: =IF(J11+K11<>0,L11/(J11+K11),0) -> 0 | AA11: =IF(L11<>0,H11/(L11),0) -> 0 | AB11: =H11+L11 -> 0.1 | AC11: =H11*L11 -> 0 | AD11: =IF(H11<>0,P11/(H11),0) -> 1.1899944 | AE11: =IF(J11+K11<>0,H11/(J11+K11),0) -> 0.014285714 | AF11: =IF(H11<>0,(J11+K11)/(H11),0) -> 70 | AG11: =(J11+K11)*H11 -> 0.7 | AH11: =(100-N11)% -> 0.10175874 | AI11: {=SQRT(SUMPRODUCT(N11:T11/100,(1-($N$4:$T$4/(SUMPRODUCT(N11:T11,$N$4:$T$4)/100)))^2))} -> 0.029053738 | AJ11: {=SUMPRODUCT(N11:T11,$N$3:$T$3)/100} -> 1.8947688 | AK11: {=SUMPRODUCT(N11:T11/100,($N$3:$T$3-(SUMPRODUCT(N11:T11,$N$3:$T$3)/100))^2)} -> 0.0023410653 | AL11: {=SUMPRODUCT(N11:T11/100,($N$2:$T$2-(SUMPRODUCT(N11:T11,$N$2:$T$2)/100))^2)} -> 2.0935075 | AM11: {=SUMPRODUCT(N11:T11,$N$2:$T$2)/100} -> 10.650482 | AN11: {=SUMPRODUCT(N11:T11,$N$1:$T$1)/100} -> 1109.7582 | AO11: {=-8.314*SUMPRODUCT((N11:T11/100)*LN(N11:T11/100+0.000000000001))} -> 3.6213944 | AP11: {=SUMPRODUCT((N11:T11/100)^2)} -> 0.81147113 | AQ11: {=1/SUMPRODUCT((N11:T11/100)^2)} -> 1.2323297 | AR11: Solution ==> Quenching ==> Deformation ==> Aging ==> Secondary TMP ==> Secondary Aging | AS11: =IF(AR11="Solution ==> Quenching ==> Deformation ==> Aging ==> Secondary TMP ==> Secondary Aging",2,IF(AR11="Solution ==> Quenching ==> Deformation ==> Aging",1,IF(AR11="Solution ==> Quenching ==> Aging",0,""))) -> 2 | AT11: 979.85 | AU11: 4 | AV11: 50 | AW11: 449.85 | AX11: 5 | AY11: =AV11%*AW11 -> 224.925 | AZ11: =AV11%*AX11 -> 2.5 | BA11: =AW11*AX11 -> 2249.25 | BB11: =AT11-AW11 -> 530 | BC11: Y | BD11: 154 | BE11: N/A | BF11: N/A | BG11: 62 | BH11: =IF(OR(BD11="",BG11=""),"",((BD11-AVERAGE($BD$6:$BD$1143))/_xlfn.STDEV.S($BD$6:$BD$1143))-$BJ$1*((AVERAGE($BG$6:$BG$1143)-BG11)/_xlfn.STDEV.S($BG$6:$BG$1143))) -> -0.74378674 | BI11: =SQRT((1-(BD11-MIN($BD$6:$BD$1143))/(MAX($BD$6:$BD$1143)-MIN($BD$6:$BD$1143)))^2+(1-(BG11-MIN($BG$6:$BG$1143))/(MAX($BG$6:$BG$1143)-MIN($BG$6:$BG$1143)))^2) -> 0.80441276
A12: 1145 | B12: 10.1016/j.jallcom.2016.11.137 | C12: =_xlfn.XLOOKUP(A12,All!$A:$A,All!$C:$C,"") -> Cu-Al-Cr-Mg-Ni-Si | D12: 2 | E12: 质量分数 | F12: =100-SUM(G12:L12) -> 92.25 | G12: 0.5 | H12: 0.1 | I12: 0.15 | J12: 6 | K12: 1 | L12: 0 | M12: 摩尔分数 | N12: {=(F12/$F$4)/SUMPRODUCT($F12:$L12/$F$4:$L$4)*100} -> 89.824126 | O12: {=(G12/$G$4)/SUMPRODUCT($F12:$L12/$F$4:$L$4)*100} -> 1.1465968 | P12: {=(H12/$H$4)/SUMPRODUCT($F12:$L12/$F$4:$L$4)*100} -> 0.11899944 | Q12: {=(I12/$I$4)/SUMPRODUCT($F12:$L12/$F$4:$L$4)*100} -> 0.38186555 | R12: {=(J12/$J$4)/SUMPRODUCT($F12:$L12/$F$4:$L$4)*100} -> 6.3252805 | S12: {=(K12/$K$4)/SUMPRODUCT($F12:$L12/$F$4:$L$4)*100} -> 2.2031315 | T12: {=(L12/$L$4)/SUMPRODUCT($F12:$L12/$F$4:$L$4)*100} -> 0 | U12: =SUM(N12:T12) -> 100 | V12: =IF(K12<>0,J12/(K12),0) -> 6 | W12: =J12+K12 -> 7 | X12: =J12*K12 -> 6 | Y12: =IF(J12+K12<>0,I12/(J12+K12),0) -> 0.021428571 | Z12: =IF(J12+K12<>0,L12/(J12+K12),0) -> 0 | AA12: =IF(L12<>0,H12/(L12),0) -> 0 | AB12: =H12+L12 -> 0.1 | AC12: =H12*L12 -> 0 | AD12: =IF(H12<>0,P12/(H12),0) -> 1.1899944 | AE12: =IF(J12+K12<>0,H12/(J12+K12),0) -> 0.014285714 | AF12: =IF(H12<>0,(J12+K12)/(H12),0) -> 70 | AG12: =(J12+K12)*H12 -> 0.7 | AH12: =(100-N12)% -> 0.10175874 | AI12: {=SQRT(SUMPRODUCT(N12:T12/100,(1-($N$4:$T$4/(SUMPRODUCT(N12:T12,$N$4:$T$4)/100)))^2))} -> 0.029053738 | AJ12: {=SUMPRODUCT(N12:T12,$N$3:$T$3)/100} -> 1.8947688 | AK12: {=SUMPRODUCT(N12:T12/100,($N$3:$T$3-(SUMPRODUCT(N12:T12,$N$3:$T$3)/100))^2)} -> 0.0023410653 | AL12: {=SUMPRODUCT(N12:T12/100,($N$2:$T$2-(SUMPRODUCT(N12:T12,$N$2:$T$2)/100))^2)} -> 2.0935075 | AM12: {=SUMPRODUCT(N12:T12,$N$2:$T$2)/100} -> 10.650482 | AN12: {=SUMPRODUCT(N12:T12,$N$1:$T$1)/100} -> 1109.7582 | AO12: {=-8.314*SUMPRODUCT((N12:T12/100)*LN(N12:T12/100+0.000000000001))} -> 3.6213944 | AP12: {=SUMPRODUCT((N12:T12/100)^2)} -> 0.81147113 | AQ12: {=1/SUMPRODUCT((N12:T12/100)^2)} -> 1.2323297 | AR12: Solution ==> Quenching ==> Deformation ==> Aging ==> Secondary TMP ==> Secondary Aging | AS12: =IF(AR12="Solution ==> Quenching ==> Deformation ==> Aging ==> Secondary TMP ==> Secondary Aging",2,IF(AR12="Solution ==> Quenching ==> Deformation ==> Aging",1,IF(AR12="Solution ==> Quenching ==> Aging",0,""))) -> 2 | AT12: 979.85 | AU12: 4 | AV12: 50 | AW12: 399.85 | AX12: 6 | AY12: =AV12%*AW12 -> 199.925 | AZ12: =AV12%*AX12 -> 3 | BA12: =AW12*AX12 -> 2399.1 | BB12: =AT12-AW12 -> 580 | BC12: Y | BD12: 168 | BE12: N/A | BF12: N/A | BG12: 62 | BH12: =IF(OR(BD12="",BG12=""),"",((BD12-AVERAGE($BD$6:$BD$1143))/_xlfn.STDEV.S($BD$6:$BD$1143))-$BJ$1*((AVERAGE($BG$6:$BG$1143)-BG12)/_xlfn.STDEV.S($BG$6:$BG$1143))) -> -0.56373379 | BI12: =SQRT((1-(BD12-MIN($BD$6:$BD$1143))/(MAX($BD$6:$BD$1143)-MIN($BD$6:$BD$1143)))^2+(1-(BG12-MIN($BG$6:$BG$1143))/(MAX($BG$6:$BG$1143)-MIN($BG$6:$BG$1143)))^2) -> 0.76668134
A13: 1117 | B13: 10.1016/j.jallcom.2016.11.137 | C13: =_xlfn.XLOOKUP(A13,All!$A:$A,All!$C:$C,"") -> Cu-Al-Cr-Mg-Ni-Si | D13: 2 | E13: 质量分数 | F13: =100-SUM(G13:L13) -> 92.25 | G13: 0.5 | H13: 0.1 | I13: 0.15 | J13: 6 | K13: 1 | L13: 0 | M13: 摩尔分数 | N13: {=(F13/$F$4)/SUMPRODUCT($F13:$L13/$F$4:$L$4)*100} -> 89.824126 | O13: {=(G13/$G$4)/SUMPRODUCT($F13:$L13/$F$4:$L$4)*100} -> 1.1465968 | P13: {=(H13/$H$4)/SUMPRODUCT($F13:$L13/$F$4:$L$4)*100} -> 0.11899944 | Q13: {=(I13/$I$4)/SUMPRODUCT($F13:$L13/$F$4:$L$4)*100} -> 0.38186555 | R13: {=(J13/$J$4)/SUMPRODUCT($F13:$L13/$F$4:$L$4)*100} -> 6.3252805 | S13: {=(K13/$K$4)/SUMPRODUCT($F13:$L13/$F$4:$L$4)*100} -> 2.2031315 | T13: {=(L13/$L$4)/SUMPRODUCT($F13:$L13/$F$4:$L$4)*100} -> 0 | U13: =SUM(N13:T13) -> 100 | V13: =IF(K13<>0,J13/(K13),0) -> 6 | W13: =J13+K13 -> 7 | X13: =J13*K13 -> 6 | Y13: =IF(J13+K13<>0,I13/(J13+K13),0) -> 0.021428571 | Z13: =IF(J13+K13<>0,L13/(J13+K13),0) -> 0 | AA13: =IF(L13<>0,H13/(L13),0) -> 0 | AB13: =H13+L13 -> 0.1 | AC13: =H13*L13 -> 0 | AD13: =IF(H13<>0,P13/(H13),0) -> 1.1899944 | AE13: =IF(J13+K13<>0,H13/(J13+K13),0) -> 0.014285714 | AF13: =IF(H13<>0,(J13+K13)/(H13),0) -> 70 | AG13: =(J13+K13)*H13 -> 0.7 | AH13: =(100-N13)% -> 0.10175874 | AI13: {=SQRT(SUMPRODUCT(N13:T13/100,(1-($N$4:$T$4/(SUMPRODUCT(N13:T13,$N$4:$T$4)/100)))^2))} -> 0.029053738 | AJ13: {=SUMPRODUCT(N13:T13,$N$3:$T$3)/100} -> 1.8947688 | AK13: {=SUMPRODUCT(N13:T13/100,($N$3:$T$3-(SUMPRODUCT(N13:T13,$N$3:$T$3)/100))^2)} -> 0.0023410653 | AL13: {=SUMPRODUCT(N13:T13/100,($N$2:$T$2-(SUMPRODUCT(N13:T13,$N$2:$T$2)/100))^2)} -> 2.0935075 | AM13: {=SUMPRODUCT(N13:T13,$N$2:$T$2)/100} -> 10.650482 | AN13: {=SUMPRODUCT(N13:T13,$N$1:$T$1)/100} -> 1109.7582 | AO13: {=-8.314*SUMPRODUCT((N13:T13/100)*LN(N13:T13/100+0.000000000001))} -> 3.6213944 | AP13: {=SUMPRODUCT((N13:T13/100)^2)} -> 0.81147113 | AQ13: {=1/SUMPRODUCT((N13:T13/100)^2)} -> 1.2323297 | AR13: Solution ==> Quenching ==> Deformation ==> Aging ==> Secondary TMP ==> Secondary Aging | AS13: =IF(AR13="Solution ==> Quenching ==> Deformation ==> Aging ==> Secondary TMP ==> Secondary Aging",2,IF(AR13="Solution ==> Quenching ==> Deformation ==> Aging",1,IF(AR13="Solution ==> Quenching ==> Aging",0,""))) -> 2 | AT13: 979.85 | AU13: 4 | AV13: 50 | AW13: 399.85 | AX13: 5 | AY13: =AV13%*AW13 -> 199.925 | AZ13: =AV13%*AX13 -> 2.5 | BA13: =AW13*AX13 -> 1999.25 | BB13: =AT13-AW13 -> 580 | BC13: Y | BD13: 175 | BE13: N/A | BF13: N/A | BG13: 62 | BH13: =IF(OR(BD13="",BG13=""),"",((BD13-AVERAGE($BD$6:$BD$1143))/_xlfn.STDEV.S($BD$6:$BD$1143))-$BJ$1*((AVERAGE($BG$6:$BG$1143)-BG13)/_xlfn.STDEV.S($BG$6:$BG$1143))) -> -0.47370731 | BI13: =SQRT((1-(BD13-MIN($BD$6:$BD$1143))/(MAX($BD$6:$BD$1143)-MIN($BD$6:$BD$1143)))^2+(1-(BG13-MIN($BG$6:$BG$1143))/(MAX($BG$6:$BG$1143)-MIN($BG$6:$BG$1143)))^2) -> 0.74802651
A14: 1170 | B14: 10.1016/j.jallcom.2016.11.137 | C14: =_xlfn.XLOOKUP(A14,All!$A:$A,All!$C:$C,"") -> Cu-Al-Cr-Mg-Ni-Si | D14: 2 | E14: 质量分数 | F14: =100-SUM(G14:L14) -> 92.25 | G14: 0.5 | H14: 0.1 | I14: 0.15 | J14: 6 | K14: 1 | L14: 0 | M14: 摩尔分数 | N14: {=(F14/$F$4)/SUMPRODUCT($F14:$L14/$F$4:$L$4)*100} -> 89.824126 | O14: {=(G14/$G$4)/SUMPRODUCT($F14:$L14/$F$4:$L$4)*100} -> 1.1465968 | P14: {=(H14/$H$4)/SUMPRODUCT($F14:$L14/$F$4:$L$4)*100} -> 0.11899944 | Q14: {=(I14/$I$4)/SUMPRODUCT($F14:$L14/$F$4:$L$4)*100} -> 0.38186555 | R14: {=(J14/$J$4)/SUMPRODUCT($F14:$L14/$F$4:$L$4)*100} -> 6.3252805 | S14: {=(K14/$K$4)/SUMPRODUCT($F14:$L14/$F$4:$L$4)*100} -> 2.2031315 | T14: {=(L14/$L$4)/SUMPRODUCT($F14:$L14/$F$4:$L$4)*100} -> 0 | U14: =SUM(N14:T14) -> 100 | V14: =IF(K14<>0,J14/(K14),0) -> 6 | W14: =J14+K14 -> 7 | X14: =J14*K14 -> 6 | Y14: =IF(J14+K14<>0,I14/(J14+K14),0) -> 0.021428571 | Z14: =IF(J14+K14<>0,L14/(J14+K14),0) -> 0 | AA14: =IF(L14<>0,H14/(L14),0) -> 0 | AB14: =H14+L14 -> 0.1 | AC14: =H14*L14 -> 0 | AD14: =IF(H14<>0,P14/(H14),0) -> 1.1899944 | AE14: =IF(J14+K14<>0,H14/(J14+K14),0) -> 0.014285714 | AF14: =IF(H14<>0,(J14+K14)/(H14),0) -> 70 | AG14: =(J14+K14)*H14 -> 0.7 | AH14: =(100-N14)% -> 0.10175874 | AI14: {=SQRT(SUMPRODUCT(N14:T14/100,(1-($N$4:$T$4/(SUMPRODUCT(N14:T14,$N$4:$T$4)/100)))^2))} -> 0.029053738 | AJ14: {=SUMPRODUCT(N14:T14,$N$3:$T$3)/100} -> 1.8947688 | AK14: {=SUMPRODUCT(N14:T14/100,($N$3:$T$3-(SUMPRODUCT(N14:T14,$N$3:$T$3)/100))^2)} -> 0.0023410653 | AL14: {=SUMPRODUCT(N14:T14/100,($N$2:$T$2-(SUMPRODUCT(N14:T14,$N$2:$T$2)/100))^2)} -> 2.0935075 | AM14: {=SUMPRODUCT(N14:T14,$N$2:$T$2)/100} -> 10.650482 | AN14: {=SUMPRODUCT(N14:T14,$N$1:$T$1)/100} -> 1109.7582 | AO14: {=-8.314*SUMPRODUCT((N14:T14/100)*LN(N14:T14/100+0.000000000001))} -> 3.6213944 | AP14: {=SUMPRODUCT((N14:T14/100)^2)} -> 0.81147113 | AQ14: {=1/SUMPRODUCT((N14:T14/100)^2)} -> 1.2323297 | AR14: Solution ==> Quenching ==> Deformation ==> Aging ==> Secondary TMP ==> Secondary Aging | AS14: =IF(AR14="Solution ==> Quenching ==> Deformation ==> Aging ==> Secondary TMP ==> Secondary Aging",2,IF(AR14="Solution ==> Quenching ==> Deformation ==> Aging",1,IF(AR14="Solution ==> Quenching ==> Aging",0,""))) -> 2 | AT14: 979.85 | AU14: 4 | AV14: 50 | AW14: 449.85 | AX14: 8 | AY14: =AV14%*AW14 -> 224.925 | AZ14: =AV14%*AX14 -> 4 | BA14: =AW14*AX14 -> 3598.8 | BB14: =AT14-AW14 -> 530 | BC14: Y | BD14: 148 | BE14: N/A | BF14: N/A | BG14: 61 | BH14: =IF(OR(BD14="",BG14=""),"",((BD14-AVERAGE($BD$6:$BD$1143))/_xlfn.STDEV.S($BD$6:$BD$1143))-$BJ$1*((AVERAGE($BG$6:$BG$1143)-BG14)/_xlfn.STDEV.S($BG$6:$BG$1143))) -> -0.82095229 | BI14: =SQRT((1-(BD14-MIN($BD$6:$BD$1143))/(MAX($BD$6:$BD$1143)-MIN($BD$6:$BD$1143)))^2+(1-(BG14-MIN($BG$6:$BG$1143))/(MAX($BG$6:$BG$1143)-MIN($BG$6:$BG$1143)))^2) -> 0.82652636
A15: 1146 | B15: 10.1016/j.jallcom.2016.11.137 | C15: =_xlfn.XLOOKUP(A15,All!$A:$A,All!$C:$C,"") -> Cu-Al-Cr-Mg-Ni-Si | D15: 2 | E15: 质量分数 | F15: =100-SUM(G15:L15) -> 92.25 | G15: 0.5 | H15: 0.1 | I15: 0.15 | J15: 6 | K15: 1 | L15: 0 | M15: 摩尔分数 | N15: {=(F15/$F$4)/SUMPRODUCT($F15:$L15/$F$4:$L$4)*100} -> 89.824126 | O15: {=(G15/$G$4)/SUMPRODUCT($F15:$L15/$F$4:$L$4)*100} -> 1.1465968 | P15: {=(H15/$H$4)/SUMPRODUCT($F15:$L15/$F$4:$L$4)*100} -> 0.11899944 | Q15: {=(I15/$I$4)/SUMPRODUCT($F15:$L15/$F$4:$L$4)*100} -> 0.38186555 | R15: {=(J15/$J$4)/SUMPRODUCT($F15:$L15/$F$4:$L$4)*100} -> 6.3252805 | S15: {=(K15/$K$4)/SUMPRODUCT($F15:$L15/$F$4:$L$4)*100} -> 2.2031315 | T15: {=(L15/$L$4)/SUMPRODUCT($F15:$L15/$F$4:$L$4)*100} -> 0 | U15: =SUM(N15:T15) -> 100 | V15: =IF(K15<>0,J15/(K15),0) -> 6 | W15: =J15+K15 -> 7 | X15: =J15*K15 -> 6 | Y15: =IF(J15+K15<>0,I15/(J15+K15),0) -> 0.021428571 | Z15: =IF(J15+K15<>0,L15/(J15+K15),0) -> 0 | AA15: =IF(L15<>0,H15/(L15),0) -> 0 | AB15: =H15+L15 -> 0.1 | AC15: =H15*L15 -> 0 | AD15: =IF(H15<>0,P15/(H15),0) -> 1.1899944 | AE15: =IF(J15+K15<>0,H15/(J15+K15),0) -> 0.014285714 | AF15: =IF(H15<>0,(J15+K15)/(H15),0) -> 70 | AG15: =(J15+K15)*H15 -> 0.7 | AH15: =(100-N15)% -> 0.10175874 | AI15: {=SQRT(SUMPRODUCT(N15:T15/100,(1-($N$4:$T$4/(SUMPRODUCT(N15:T15,$N$4:$T$4)/100)))^2))} -> 0.029053738 | AJ15: {=SUMPRODUCT(N15:T15,$N$3:$T$3)/100} -> 1.8947688 | AK15: {=SUMPRODUCT(N15:T15/100,($N$3:$T$3-(SUMPRODUCT(N15:T15,$N$3:$T$3)/100))^2)} -> 0.0023410653 | AL15: {=SUMPRODUCT(N15:T15/100,($N$2:$T$2-(SUMPRODUCT(N15:T15,$N$2:$T$2)/100))^2)} -> 2.0935075 | AM15: {=SUMPRODUCT(N15:T15,$N$2:$T$2)/100} -> 10.650482 | AN15: {=SUMPRODUCT(N15:T15,$N$1:$T$1)/100} -> 1109.7582 | AO15: {=-8.314*SUMPRODUCT((N15:T15/100)*LN(N15:T15/100+0.000000000001))} -> 3.6213944 | AP15: {=SUMPRODUCT((N15:T15/100)^2)} -> 0.81147113 | AQ15: {=1/SUMPRODUCT((N15:T15/100)^2)} -> 1.2323297 | AR15: Solution ==> Quenching ==> Deformation ==> Aging ==> Secondary TMP ==> Secondary Aging | AS15: =IF(AR15="Solution ==> Quenching ==> Deformation ==> Aging ==> Secondary TMP ==> Secondary Aging",2,IF(AR15="Solution ==> Quenching ==> Deformation ==> Aging",1,IF(AR15="Solution ==> Quenching ==> Aging",0,""))) -> 2 | AT15: 979.85 | AU15: 4 | AV15: 50 | AW15: 449.85 | AX15: 6 | AY15: =AV15%*AW15 -> 224.925 | AZ15: =AV15%*AX15 -> 3 | BA15: =AW15*AX15 -> 2699.1 | BB15: =AT15-AW15 -> 530 | BC15: Y | BD15: 150 | BE15: N/A | BF15: N/A | BG15: 61 | BH15: =IF(OR(BD15="",BG15=""),"",((BD15-AVERAGE($BD$6:$BD$1143))/_xlfn.STDEV.S($BD$6:$BD$1143))-$BJ$1*((AVERAGE($BG$6:$BG$1143)-BG15)/_xlfn.STDEV.S($BG$6:$BG$1143))) -> -0.79523044 | BI15: =SQRT((1-(BD15-MIN($BD$6:$BD$1143))/(MAX($BD$6:$BD$1143)-MIN($BD$6:$BD$1143)))^2+(1-(BG15-MIN($BG$6:$BG$1143))/(MAX($BG$6:$BG$1143)-MIN($BG$6:$BG$1143)))^2) -> 0.82111245
A16: 1091 | B16: 10.1016/j.jallcom.2016.11.137 | C16: =_xlfn.XLOOKUP(A16,All!$A:$A,All!$C:$C,"") -> Cu-Al-Cr-Mg-Ni-Si | D16: 2 | E16: 质量分数 | F16: =100-SUM(G16:L16) -> 92.25 | G16: 0.5 | H16: 0.1 | I16: 0.15 | J16: 6 | K16: 1 | L16: 0 | M16: 摩尔分数 | N16: {=(F16/$F$4)/SUMPRODUCT($F16:$L16/$F$4:$L$4)*100} -> 89.824126 | O16: {=(G16/$G$4)/SUMPRODUCT($F16:$L16/$F$4:$L$4)*100} -> 1.1465968 | P16: {=(H16/$H$4)/SUMPRODUCT($F16:$L16/$F$4:$L$4)*100} -> 0.11899944 | Q16: {=(I16/$I$4)/SUMPRODUCT($F16:$L16/$F$4:$L$4)*100} -> 0.38186555 | R16: {=(J16/$J$4)/SUMPRODUCT($F16:$L16/$F$4:$L$4)*100} -> 6.3252805 | S16: {=(K16/$K$4)/SUMPRODUCT($F16:$L16/$F$4:$L$4)*100} -> 2.2031315 | T16: {=(L16/$L$4)/SUMPRODUCT($F16:$L16/$F$4:$L$4)*100} -> 0 | U16: =SUM(N16:T16) -> 100 | V16: =IF(K16<>0,J16/(K16),0) -> 6 | W16: =J16+K16 -> 7 | X16: =J16*K16 -> 6 | Y16: =IF(J16+K16<>0,I16/(J16+K16),0) -> 0.021428571 | Z16: =IF(J16+K16<>0,L16/(J16+K16),0) -> 0 | AA16: =IF(L16<>0,H16/(L16),0) -> 0 | AB16: =H16+L16 -> 0.1 | AC16: =H16*L16 -> 0 | AD16: =IF(H16<>0,P16/(H16),0) -> 1.1899944 | AE16: =IF(J16+K16<>0,H16/(J16+K16),0) -> 0.014285714 | AF16: =IF(H16<>0,(J16+K16)/(H16),0) -> 70 | AG16: =(J16+K16)*H16 -> 0.7 | AH16: =(100-N16)% -> 0.10175874 | AI16: {=SQRT(SUMPRODUCT(N16:T16/100,(1-($N$4:$T$4/(SUMPRODUCT(N16:T16,$N$4:$T$4)/100)))^2))} -> 0.029053738 | AJ16: {=SUMPRODUCT(N16:T16,$N$3:$T$3)/100} -> 1.8947688 | AK16: {=SUMPRODUCT(N16:T16/100,($N$3:$T$3-(SUMPRODUCT(N16:T16,$N$3:$T$3)/100))^2)} -> 0.0023410653 | AL16: {=SUMPRODUCT(N16:T16/100,($N$2:$T$2-(SUMPRODUCT(N16:T16,$N$2:$T$2)/100))^2)} -> 2.0935075 | AM16: {=SUMPRODUCT(N16:T16,$N$2:$T$2)/100} -> 10.650482 | AN16: {=SUMPRODUCT(N16:T16,$N$1:$T$1)/100} -> 1109.7582 | AO16: {=-8.314*SUMPRODUCT((N16:T16/100)*LN(N16:T16/100+0.000000000001))} -> 3.6213944 | AP16: {=SUMPRODUCT((N16:T16/100)^2)} -> 0.81147113 | AQ16: {=1/SUMPRODUCT((N16:T16/100)^2)} -> 1.2323297 | AR16: Solution ==> Quenching ==> Deformation ==> Aging ==> Secondary TMP ==> Secondary Aging | AS16: =IF(AR16="Solution ==> Quenching ==> Deformation ==> Aging ==> Secondary TMP ==> Secondary Aging",2,IF(AR16="Solution ==> Quenching ==> Deformation ==> Aging",1,IF(AR16="Solution ==> Quenching ==> Aging",0,""))) -> 2 | AT16: 979.85 | AU16: 4 | AV16: 50 | AW16: 449.85 | AX16: 4 | AY16: =AV16%*AW16 -> 224.925 | AZ16: =AV16%*AX16 -> 2 | BA16: =AW16*AX16 -> 1799.4 | BB16: =AT16-AW16 -> 530 | BC16: Y | BD16: 156 | BE16: N/A | BF16: N/A | BG16: 61 | BH16: =IF(OR(BD16="",BG16=""),"",((BD16-AVERAGE($BD$6:$BD$1143))/_xlfn.STDEV.S($BD$6:$BD$1143))-$BJ$1*((AVERAGE($BG$6:$BG$1143)-BG16)/_xlfn.STDEV.S($BG$6:$BG$1143))) -> -0.71806489 | BI16: =SQRT((1-(BD16-MIN($BD$6:$BD$1143))/(MAX($BD$6:$BD$1143)-MIN($BD$6:$BD$1143)))^2+(1-(BG16-MIN($BG$6:$BG$1143))/(MAX($BG$6:$BG$1143)-MIN($BG$6:$BG$1143)))^2) -> 0.80493279
A17: 1095 | B17: 10.1016/j.jallcom.2016.11.137 | C17: =_xlfn.XLOOKUP(A17,All!$A:$A,All!$C:$C,"") -> Cu-Al-Cr-Mg-Ni-Si | D17: 2 | E17: 质量分数 | F17: =100-SUM(G17:L17) -> 92.25 | G17: 0.5 | H17: 0.1 | I17: 0.15 | J17: 6 | K17: 1 | L17: 0 | M17: 摩尔分数 | N17: {=(F17/$F$4)/SUMPRODUCT($F17:$L17/$F$4:$L$4)*100} -> 89.824126 | O17: {=(G17/$G$4)/SUMPRODUCT($F17:$L17/$F$4:$L$4)*100} -> 1.1465968 | P17: {=(H17/$H$4)/SUMPRODUCT($F17:$L17/$F$4:$L$4)*100} -> 0.11899944 | Q17: {=(I17/$I$4)/SUMPRODUCT($F17:$L17/$F$4:$L$4)*100} -> 0.38186555 | R17: {=(J17/$J$4)/SUMPRODUCT($F17:$L17/$F$4:$L$4)*100} -> 6.3252805 | S17: {=(K17/$K$4)/SUMPRODUCT($F17:$L17/$F$4:$L$4)*100} -> 2.2031315 | T17: {=(L17/$L$4)/SUMPRODUCT($F17:$L17/$F$4:$L$4)*100} -> 0 | U17: =SUM(N17:T17) -> 100 | V17: =IF(K17<>0,J17/(K17),0) -> 6 | W17: =J17+K17 -> 7 | X17: =J17*K17 -> 6 | Y17: =IF(J17+K17<>0,I17/(J17+K17),0) -> 0.021428571 | Z17: =IF(J17+K17<>0,L17/(J17+K17),0) -> 0 | AA17: =IF(L17<>0,H17/(L17),0) -> 0 | AB17: =H17+L17 -> 0.1 | AC17: =H17*L17 -> 0 | AD17: =IF(H17<>0,P17/(H17),0) -> 1.1899944 | AE17: =IF(J17+K17<>0,H17/(J17+K17),0) -> 0.014285714 | AF17: =IF(H17<>0,(J17+K17)/(H17),0) -> 70 | AG17: =(J17+K17)*H17 -> 0.7 | AH17: =(100-N17)% -> 0.10175874 | AI17: {=SQRT(SUMPRODUCT(N17:T17/100,(1-($N$4:$T$4/(SUMPRODUCT(N17:T17,$N$4:$T$4)/100)))^2))} -> 0.029053738 | AJ17: {=SUMPRODUCT(N17:T17,$N$3:$T$3)/100} -> 1.8947688 | AK17: {=SUMPRODUCT(N17:T17/100,($N$3:$T$3-(SUMPRODUCT(N17:T17,$N$3:$T$3)/100))^2)} -> 0.0023410653 | AL17: {=SUMPRODUCT(N17:T17/100,($N$2:$T$2-(SUMPRODUCT(N17:T17,$N$2:$T$2)/100))^2)} -> 2.0935075 | AM17: {=SUMPRODUCT(N17:T17,$N$2:$T$2)/100} -> 10.650482 | AN17: {=SUMPRODUCT(N17:T17,$N$1:$T$1)/100} -> 1109.7582 | AO17: {=-8.314*SUMPRODUCT((N17:T17/100)*LN(N17:T17/100+0.000000000001))} -> 3.6213944 | AP17: {=SUMPRODUCT((N17:T17/100)^2)} -> 0.81147113 | AQ17: {=1/SUMPRODUCT((N17:T17/100)^2)} -> 1.2323297 | AR17: Solution ==> Quenching ==> Deformation ==> Aging ==> Secondary TMP ==> Secondary Aging | AS17: =IF(AR17="Solution ==> Quenching ==> Deformation ==> Aging ==> Secondary TMP ==> Secondary Aging",2,IF(AR17="Solution ==> Quenching ==> Deformation ==> Aging",1,IF(AR17="Solution ==> Quenching ==> Aging",0,""))) -> 2 | AT17: 979.85 | AU17: 4 | AV17: 50 | AW17: 449.85 | AX17: 4 | AY17: =AV17%*AW17 -> 224.925 | AZ17: =AV17%*AX17 -> 2 | BA17: =AW17*AX17 -> 1799.4 | BB17: =AT17-AW17 -> 530 | BC17: Y | BD17: 163 | BE17: N/A | BF17: N/A | BG17: 61 | BH17: =IF(OR(BD17="",BG17=""),"",((BD17-AVERAGE($BD$6:$BD$1143))/_xlfn.STDEV.S($BD$6:$BD$1143))-$BJ$1*((AVERAGE($BG$6:$BG$1143)-BG17)/_xlfn.STDEV.S($BG$6:$BG$1143))) -> -0.62803841 | BI17: =SQRT((1-(BD17-MIN($BD$6:$BD$1143))/(MAX($BD$6:$BD$1143)-MIN($BD$6:$BD$1143)))^2+(1-(BG17-MIN($BG$6:$BG$1143))/(MAX($BG$6:$BG$1143)-MIN($BG$6:$BG$1143)))^2) -> 0.78618026
... A798: 1224 | B798: 10.1016/j.matlet.2017.04.039 | C798: =_xlfn.XLOOKUP(A798,All!$A:$A,All!$C:$C,"") -> Cu-Cr-Zr | D798: 1 | E798: 质量分数 | F798: =100-SUM(G798:L798) -> 99.2 | G798: 0 | H798: 0.3 | I798: 0 | J798: 0 | K798: 0 | L798: 0.5 | M798: 摩尔分数 | N798: {=(F798/$F$4)/SUMPRODUCT($F798:$L798/$F$4:$L$4)*100} -> 99.284455 | O798: {=(G798/$G$4)/SUMPRODUCT($F798:$L798/$F$4:$L$4)*100} -> 0 | P798: {=(H798/$H$4)/SUMPRODUCT($F798:$L798/$F$4:$L$4)*100} -> 0.36695188 | Q798: {=(I798/$I$4)/SUMPRODUCT($F798:$L798/$F$4:$L$4)*100} -> 0 | R798: {=(J798/$J$4)/SUMPRODUCT($F798:$L798/$F$4:$L$4)*100} -> 0 | S798: {=(K798/$K$4)/SUMPRODUCT($F798:$L798/$F$4:$L$4)*100} -> 0 | T798: {=(L798/$L$4)/SUMPRODUCT($F798:$L798/$F$4:$L$4)*100} -> 0.34859303 | U798: =SUM(N798:T798) -> 100 | V798: =IF(K798<>0,J798/(K798),0) -> 0 | W798: =J798+K798 -> 0 | X798: =J798*K798 -> 0 | Y798: =IF(J798+K798<>0,I798/(J798+K798),0) -> 0 | Z798: =IF(J798+K798<>0,L798/(J798+K798),0) -> 0 | AA798: =IF(L798<>0,H798/(L798),0) -> 0.6 | AB798: =H798+L798 -> 0.8 | AC798: =H798*L798 -> 0.15 | AD798: =IF(H798<>0,P798/(H798),0) -> 1.2231729 | AE798: =IF(J798+K798<>0,H798/(J798+K798),0) -> 0 | AF798: =IF(H798<>0,(J798+K798)/(H798),0) -> 0 | AG798: =(J798+K798)*H798 -> 0 | AH798: =(100-N798)% -> 0.0071554491 | AI798: {=SQRT(SUMPRODUCT(N798:T798/100,(1-($N$4:$T$4/(SUMPRODUCT(N798:T798,$N$4:$T$4)/100)))^2))} -> 0.014721863 | AJ798: {=SUMPRODUCT(N798:T798,$N$3:$T$3)/100} -> 1.8971323 | AK798: {=SUMPRODUCT(N798:T798/100,($N$3:$T$3-(SUMPRODUCT(N798:T798,$N$3:$T$3)/100))^2)} -> 0.0013357195 | AL798: {=SUMPRODUCT(N798:T798/100,($N$2:$T$2-(SUMPRODUCT(N798:T798,$N$2:$T$2)/100))^2)} -> 0.26072107 | AM798: {=SUMPRODUCT(N798:T798,$N$2:$T$2)/100} -> 10.957251 | AN798: {=SUMPRODUCT(N798:T798,$N$1:$T$1)/100} -> 1090.3232 | AO798: {=-8.314*SUMPRODUCT((N798:T798/100)*LN(N798:T798/100+0.000000000001))} -> 0.3943686 | AP798: {=SUMPRODUCT((N798:T798/100)^2)} -> 0.98576592 | AQ798: {=1/SUMPRODUCT((N798:T798/100)^2)} -> 1.0144396 | AR798: Solution ==> Quenching ==> Aging | AS798: =IF(AR798="Solution ==> Quenching ==> Deformation ==> Aging ==> Secondary TMP ==> Secondary Aging",2,IF(AR798="Solution ==> Quenching ==> Deformation ==> Aging",1,IF(AR798="Solution ==> Quenching ==> Aging",0,""))) -> 0 | AT798: 999.85 | AU798: 1 | AV798: 0 | AW798: 349.85 | AX798: 1 | AY798: =AV798%*AW798 -> 0 | AZ798: =AV798%*AX798 -> 0 | BA798: =AW798*AX798 -> 349.85 | BB798: =AT798-AW798 -> 650 | BC798: N | BD798: 87 | BE798: N/A | BF798: N/A | BG798: 36 | BH798: =IF(OR(BD798="",BG798=""),"",((BD798-AVERAGE($BD$6:$BD$1143))/_xlfn.STDEV.S($BD$6:$BD$1143))-$BJ$1*((AVERAGE($BG$6:$BG$1143)-BG798)/_xlfn.STDEV.S($BG$6:$BG$1143))) -> -1.6054687 | BI798: =SQRT((1-(BD798-MIN($BD$6:$BD$1143))/(MAX($BD$6:$BD$1143)-MIN($BD$6:$BD$1143)))^2+(1-(BG798-MIN($BG$6:$BG$1143))/(MAX($BG$6:$BG$1143)-MIN($BG$6:$BG$1143)))^2) -> 1.153783
A799: Mat23858 | B799: 10.1016/j.msea.2016.10.087 | C799: =_xlfn.XLOOKUP(A799,All!$A:$A,All!$C:$C,"") -> Cu-Cr-Zr | D799: 1 | E799: 质量分数 | F799: =100-SUM(G799:L799) -> 98.9 | G799: 0 | H799: 1 | I799: 0 | J799: 0 | K799: 0 | L799: 0.1 | M799: 摩尔分数 | N799: {=(F799/$F$4)/SUMPRODUCT($F799:$L799/$F$4:$L$4)*100} -> 98.710681 | O799: {=(G799/$G$4)/SUMPRODUCT($F799:$L799/$F$4:$L$4)*100} -> 0 | P799: {=(H799/$H$4)/SUMPRODUCT($F799:$L799/$F$4:$L$4)*100} -> 1.219793 | Q799: {=(I799/$I$4)/SUMPRODUCT($F799:$L799/$F$4:$L$4)*100} -> 0 | R799: {=(J799/$J$4)/SUMPRODUCT($F799:$L799/$F$4:$L$4)*100} -> 0 | S799: {=(K799/$K$4)/SUMPRODUCT($F799:$L799/$F$4:$L$4)*100} -> 0 | T799: {=(L799/$L$4)/SUMPRODUCT($F799:$L799/$F$4:$L$4)*100} -> 0.069525955 | U799: =SUM(N799:T799) -> 100 | V799: =IF(K799<>0,J799/(K799),0) -> 0 | W799: =J799+K799 -> 0 | X799: =J799*K799 -> 0 | Y799: =IF(J799+K799<>0,I799/(J799+K799),0) -> 0 | Z799: =IF(J799+K799<>0,L799/(J799+K799),0) -> 0 | AA799: =IF(L799<>0,H799/(L799),0) -> 10 | AB799: =H799+L799 -> 1.1 | AC799: =H799*L799 -> 0.1 | AD799: =IF(H799<>0,P799/(H799),0) -> 1.219793 | AE799: =IF(J799+K799<>0,H799/(J799+K799),0) -> 0 | AF799: =IF(H799<>0,(J799+K799)/(H799),0) -> 0 | AG799: =(J799+K799)*H799 -> 0 | AH799: =(100-N799)% -> 0.01289319 | AI799: {=SQRT(SUMPRODUCT(N799:T799/100,(1-($N$4:$T$4/(SUMPRODUCT(N799:T799,$N$4:$T$4)/100)))^2))} -> 0.0065885066 | AJ799: {=SUMPRODUCT(N799:T799,$N$3:$T$3)/100} -> 1.8966762 | AK799: {=SUMPRODUCT(N799:T799/100,($N$3:$T$3-(SUMPRODUCT(N799:T799,$N$3:$T$3)/100))^2)} -> 0.00091744295 | AL799: {=SUMPRODUCT(N799:T799/100,($N$2:$T$2-(SUMPRODUCT(N799:T799,$N$2:$T$2)/100))^2)} -> 0.3346789 | AM799: {=SUMPRODUCT(N799:T799,$N$2:$T$2)/100} -> 10.934144 | AN799: {=SUMPRODUCT(N799:T799,$N$1:$T$1)/100} -> 1095.1869 | AO799: {=-8.314*SUMPRODUCT((N799:T799/100)*LN(N799:T799/100+0.000000000001))} -> 0.59540833 | AP799: {=SUMPRODUCT((N799:T799/100)^2)} -> 0.97452913 | AQ799: {=1/SUMPRODUCT((N799:T799/100)^2)} -> 1.0261366 | AR799: Solution ==> Quenching ==> Deformation ==> Aging | AS799: =IF(AR799="Solution ==> Quenching ==> Deformation ==> Aging ==> Secondary TMP ==> Secondary Aging",2,IF(AR799="Solution ==> Quenching ==> Deformation ==> Aging",1,IF(AR799="Solution ==> Quenching ==> Aging",0,""))) -> 1 | AT799: 960/°C | AU799: 1 | AV799: N/A | AW799: N/A | AX799: N/A | AY799: =AV799%*AW799 -> #VALUE! | AZ799: =AV799%*AX799 -> #VALUE! | BA799: =AW799*AX799 -> #VALUE! | BB799: =AT799-AW799 -> #VALUE! | BC799: N/A | BD799: 151.33 | BE799: N/A | BF799: 478.18/MPa | BG799: 36.67/% IACS | BH799: =IF(OR(BD799="",BG799=""),"",((BD799-AVERAGE($BD$6:$BD$1143))/_xlfn.STDEV.S($BD$6:$BD$1143))-$BJ$1*((AVERAGE($BG$6:$BG$1143)-BG799)/_xlfn.STDEV.S($BG$6:$BG$1143))) -> #VALUE! | BI799: =SQRT((1-(BD799-MIN($BD$6:$BD$1143))/(MAX($BD$6:$BD$1143)-MIN($BD$6:$BD$1143)))^2+(1-(BG799-MIN($BG$6:$BG$1143))/(MAX($BG$6:$BG$1143)-MIN($BG$6:$BG$1143)))^2) -> #VALUE!
A800: 1223 | B800: 10.1016/j.matlet.2017.04.039 | C800: =_xlfn.XLOOKUP(A800,All!$A:$A,All!$C:$C,"") -> Cu-Cr-Zr | D800: 1 | E800: 质量分数 | F800: =100-SUM(G800:L800) -> 99.2 | G800: 0 | H800: 0.3 | I800: 0 | J800: 0 | K800: 0 | L800: 0.5 | M800: 摩尔分数 | N800: {=(F800/$F$4)/SUMPRODUCT($F800:$L800/$F$4:$L$4)*100} -> 99.284455 | O800: {=(G800/$G$4)/SUMPRODUCT($F800:$L800/$F$4:$L$4)*100} -> 0 | P800: {=(H800/$H$4)/SUMPRODUCT($F800:$L800/$F$4:$L$4)*100} -> 0.36695188 | Q800: {=(I800/$I$4)/SUMPRODUCT($F800:$L800/$F$4:$L$4)*100} -> 0 | R800: {=(J800/$J$4)/SUMPRODUCT($F800:$L800/$F$4:$L$4)*100} -> 0 | S800: {=(K800/$K$4)/SUMPRODUCT($F800:$L800/$F$4:$L$4)*100} -> 0 | T800: {=(L800/$L$4)/SUMPRODUCT($F800:$L800/$F$4:$L$4)*100} -> 0.34859303 | U800: =SUM(N800:T800) -> 100 | V800: =IF(K800<>0,J800/(K800),0) -> 0 | W800: =J800+K800 -> 0 | X800: =J800*K800 -> 0 | Y800: =IF(J800+K800<>0,I800/(J800+K800),0) -> 0 | Z800: =IF(J800+K800<>0,L800/(J800+K800),0) -> 0 | AA800: =IF(L800<>0,H800/(L800),0) -> 0.6 | AB800: =H800+L800 -> 0.8 | AC800: =H800*L800 -> 0.15 | AD800: =IF(H800<>0,P800/(H800),0) -> 1.2231729 | AE800: =IF(J800+K800<>0,H800/(J800+K800),0) -> 0 | AF800: =IF(H800<>0,(J800+K800)/(H800),0) -> 0 | AG800: =(J800+K800)*H800 -> 0 | AH800: =(100-N800)% -> 0.0071554491 | AI800: {=SQRT(SUMPRODUCT(N800:T800/100,(1-($N$4:$T$4/(SUMPRODUCT(N800:T800,$N$4:$T$4)/100)))^2))} -> 0.014721863 | AJ800: {=SUMPRODUCT(N800:T800,$N$3:$T$3)/100} -> 1.8971323 | AK800: {=SUMPRODUCT(N800:T800/100,($N$3:$T$3-(SUMPRODUCT(N800:T800,$N$3:$T$3)/100))^2)} -> 0.0013357195 | AL800: {=SUMPRODUCT(N800:T800/100,($N$2:$T$2-(SUMPRODUCT(N800:T800,$N$2:$T$2)/100))^2)} -> 0.26072107 | AM800: {=SUMPRODUCT(N800:T800,$N$2:$T$2)/100} -> 10.957251 | AN800: {=SUMPRODUCT(N800:T800,$N$1:$T$1)/100} -> 1090.3232 | AO800: {=-8.314*SUMPRODUCT((N800:T800/100)*LN(N800:T800/100+0.000000000001))} -> 0.3943686 | AP800: {=SUMPRODUCT((N800:T800/100)^2)} -> 0.98576592 | AQ800: {=1/SUMPRODUCT((N800:T800/100)^2)} -> 1.0144396 | AR800: Solution ==> Quenching ==> Aging | AS800: =IF(AR800="Solution ==> Quenching ==> Deformation ==> Aging ==> Secondary TMP ==> Secondary Aging",2,IF(AR800="Solution ==> Quenching ==> Deformation ==> Aging",1,IF(AR800="Solution ==> Quenching ==> Aging",0,""))) -> 0 | AT800: 999.85 | AU800: 1 | AV800: 0 | AW800: 299.85 | AX800: 1 | AY800: =AV800%*AW800 -> 0 | AZ800: =AV800%*AX800 -> 0 | BA800: =AW800*AX800 -> 299.85 | BB800: =AT800-AW800 -> 700 | BC800: N | BD800: 86 | BE800: N/A | BF800: N/A | BG800: 33 | BH800: =IF(OR(BD800="",BG800=""),"",((BD800-AVERAGE($BD$6:$BD$1143))/_xlfn.STDEV.S($BD$6:$BD$1143))-$BJ$1*((AVERAGE($BG$6:$BG$1143)-BG800)/_xlfn.STDEV.S($BG$6:$BG$1143))) -> -1.6183296 | BI800: =SQRT((1-(BD800-MIN($BD$6:$BD$1143))/(MAX($BD$6:$BD$1143)-MIN($BD$6:$BD$1143)))^2+(1-(BG800-MIN($BG$6:$BG$1143))/(MAX($BG$6:$BG$1143)-MIN($BG$6:$BG$1143)))^2) -> 1.179304
A801: 1220 | B801: 10.1016/j.matlet.2017.04.039 | C801: =_xlfn.XLOOKUP(A801,All!$A:$A,All!$C:$C,"") -> Cu-Cr-Zr | D801: 1 | E801: 质量分数 | F801: =100-SUM(G801:L801) -> 99.2 | G801: 0 | H801: 0.3 | I801: 0 | J801: 0 | K801: 0 | L801: 0.5 | M801: 摩尔分数 | N801: {=(F801/$F$4)/SUMPRODUCT($F801:$L801/$F$4:$L$4)*100} -> 99.284455 | O801: {=(G801/$G$4)/SUMPRODUCT($F801:$L801/$F$4:$L$4)*100} -> 0 | P801: {=(H801/$H$4)/SUMPRODUCT($F801:$L801/$F$4:$L$4)*100} -> 0.36695188 | Q801: {=(I801/$I$4)/SUMPRODUCT($F801:$L801/$F$4:$L$4)*100} -> 0 | R801: {=(J801/$J$4)/SUMPRODUCT($F801:$L801/$F$4:$L$4)*100} -> 0 | S801: {=(K801/$K$4)/SUMPRODUCT($F801:$L801/$F$4:$L$4)*100} -> 0 | T801: {=(L801/$L$4)/SUMPRODUCT($F801:$L801/$F$4:$L$4)*100} -> 0.34859303 | U801: =SUM(N801:T801) -> 100 | V801: =IF(K801<>0,J801/(K801),0) -> 0 | W801: =J801+K801 -> 0 | X801: =J801*K801 -> 0 | Y801: =IF(J801+K801<>0,I801/(J801+K801),0) -> 0 | Z801: =IF(J801+K801<>0,L801/(J801+K801),0) -> 0 | AA801: =IF(L801<>0,H801/(L801),0) -> 0.6 | AB801: =H801+L801 -> 0.8 | AC801: =H801*L801 -> 0.15 | AD801: =IF(H801<>0,P801/(H801),0) -> 1.2231729 | AE801: =IF(J801+K801<>0,H801/(J801+K801),0) -> 0 | AF801: =IF(H801<>0,(J801+K801)/(H801),0) -> 0 | AG801: =(J801+K801)*H801 -> 0 | AH801: =(100-N801)% -> 0.0071554491 | AI801: {=SQRT(SUMPRODUCT(N801:T801/100,(1-($N$4:$T$4/(SUMPRODUCT(N801:T801,$N$4:$T$4)/100)))^2))} -> 0.014721863 | AJ801: {=SUMPRODUCT(N801:T801,$N$3:$T$3)/100} -> 1.8971323 | AK801: {=SUMPRODUCT(N801:T801/100,($N$3:$T$3-(SUMPRODUCT(N801:T801,$N$3:$T$3)/100))^2)} -> 0.0013357195 | AL801: {=SUMPRODUCT(N801:T801/100,($N$2:$T$2-(SUMPRODUCT(N801:T801,$N$2:$T$2)/100))^2)} -> 0.26072107 | AM801: {=SUMPRODUCT(N801:T801,$N$2:$T$2)/100} -> 10.957251 | AN801: {=SUMPRODUCT(N801:T801,$N$1:$T$1)/100} -> 1090.3232 | AO801: {=-8.314*SUMPRODUCT((N801:T801/100)*LN(N801:T801/100+0.000000000001))} -> 0.3943686 | AP801: {=SUMPRODUCT((N801:T801/100)^2)} -> 0.98576592 | AQ801: {=1/SUMPRODUCT((N801:T801/100)^2)} -> 1.0144396 | AR801: Solution ==> Quenching ==> Aging | AS801: =IF(AR801="Solution ==> Quenching ==> Deformation ==> Aging ==> Secondary TMP ==> Secondary Aging",2,IF(AR801="Solution ==> Quenching ==> Deformation ==> Aging",1,IF(AR801="Solution ==> Quenching ==> Aging",0,""))) -> 0 | AT801: 999.85 | AU801: 1 | AV801: 0 | AW801: 99.85 | AX801: 1 | AY801: =AV801%*AW801 -> 0 | AZ801: =AV801%*AX801 -> 0 | BA801: =AW801*AX801 -> 99.85 | BB801: =AT801-AW801 -> 900 | BC801: N | BD801: 83 | BE801: N/A | BF801: N/A | BG801: 32 | BH801: =IF(OR(BD801="",BG801=""),"",((BD801-AVERAGE($BD$6:$BD$1143))/_xlfn.STDEV.S($BD$6:$BD$1143))-$BJ$1*((AVERAGE($BG$6:$BG$1143)-BG801)/_xlfn.STDEV.S($BG$6:$BG$1143))) -> -1.6569124 | BI801: =SQRT((1-(BD801-MIN($BD$6:$BD$1143))/(MAX($BD$6:$BD$1143)-MIN($BD$6:$BD$1143)))^2+(1-(BG801-MIN($BG$6:$BG$1143))/(MAX($BG$6:$BG$1143)-MIN($BG$6:$BG$1143)))^2) -> 1.1943087
A802: 1221 | B802: 10.1016/j.matlet.2017.04.039 | C802: =_xlfn.XLOOKUP(A802,All!$A:$A,All!$C:$C,"") -> Cu-Cr-Zr | D802: 1 | E802: 质量分数 | F802: =100-SUM(G802:L802) -> 99.2 | G802: 0 | H802: 0.3 | I802: 0 | J802: 0 | K802: 0 | L802: 0.5 | M802: 摩尔分数 | N802: {=(F802/$F$4)/SUMPRODUCT($F802:$L802/$F$4:$L$4)*100} -> 99.284455 | O802: {=(G802/$G$4)/SUMPRODUCT($F802:$L802/$F$4:$L$4)*100} -> 0 | P802: {=(H802/$H$4)/SUMPRODUCT($F802:$L802/$F$4:$L$4)*100} -> 0.36695188 | Q802: {=(I802/$I$4)/SUMPRODUCT($F802:$L802/$F$4:$L$4)*100} -> 0 | R802: {=(J802/$J$4)/SUMPRODUCT($F802:$L802/$F$4:$L$4)*100} -> 0 | S802: {=(K802/$K$4)/SUMPRODUCT($F802:$L802/$F$4:$L$4)*100} -> 0 | T802: {=(L802/$L$4)/SUMPRODUCT($F802:$L802/$F$4:$L$4)*100} -> 0.34859303 | U802: =SUM(N802:T802) -> 100 | V802: =IF(K802<>0,J802/(K802),0) -> 0 | W802: =J802+K802 -> 0 | X802: =J802*K802 -> 0 | Y802: =IF(J802+K802<>0,I802/(J802+K802),0) -> 0 | Z802: =IF(J802+K802<>0,L802/(J802+K802),0) -> 0 | AA802: =IF(L802<>0,H802/(L802),0) -> 0.6 | AB802: =H802+L802 -> 0.8 | AC802: =H802*L802 -> 0.15 | AD802: =IF(H802<>0,P802/(H802),0) -> 1.2231729 | AE802: =IF(J802+K802<>0,H802/(J802+K802),0) -> 0 | AF802: =IF(H802<>0,(J802+K802)/(H802),0) -> 0 | AG802: =(J802+K802)*H802 -> 0 | AH802: =(100-N802)% -> 0.0071554491 | AI802: {=SQRT(SUMPRODUCT(N802:T802/100,(1-($N$4:$T$4/(SUMPRODUCT(N802:T802,$N$4:$T$4)/100)))^2))} -> 0.014721863 | AJ802: {=SUMPRODUCT(N802:T802,$N$3:$T$3)/100} -> 1.8971323 | AK802: {=SUMPRODUCT(N802:T802/100,($N$3:$T$3-(SUMPRODUCT(N802:T802,$N$3:$T$3)/100))^2)} -> 0.0013357195 | AL802: {=SUMPRODUCT(N802:T802/100,($N$2:$T$2-(SUMPRODUCT(N802:T802,$N$2:$T$2)/100))^2)} -> 0.26072107 | AM802: {=SUMPRODUCT(N802:T802,$N$2:$T$2)/100} -> 10.957251 | AN802: {=SUMPRODUCT(N802:T802,$N$1:$T$1)/100} -> 1090.3232 | AO802: {=-8.314*SUMPRODUCT((N802:T802/100)*LN(N802:T802/100+0.000000000001))} -> 0.3943686 | AP802: {=SUMPRODUCT((N802:T802/100)^2)} -> 0.98576592 | AQ802: {=1/SUMPRODUCT((N802:T802/100)^2)} -> 1.0144396 | AR802: Solution ==> Quenching ==> Aging | AS802: =IF(AR802="Solution ==> Quenching ==> Deformation ==> Aging ==> Secondary TMP ==> Secondary Aging",2,IF(AR802="Solution ==> Quenching ==> Deformation ==> Aging",1,IF(AR802="Solution ==> Quenching ==> Aging",0,""))) -> 0 | AT802: 999.85 | AU802: 1 | AV802: 0 | AW802: 199.85 | AX802: 1 | AY802: =AV802%*AW802 -> 0 | AZ802: =AV802%*AX802 -> 0 | BA802: =AW802*AX802 -> 199.85 | BB802: =AT802-AW802 -> 800 | BC802: N | BD802: 84 | BE802: N/A | BF802: N/A | BG802: 32 | BH802: =IF(OR(BD802="",BG802=""),"",((BD802-AVERAGE($BD$6:$BD$1143))/_xlfn.STDEV.S($BD$6:$BD$1143))-$BJ$1*((AVERAGE($BG$6:$BG$1143)-BG802)/_xlfn.STDEV.S($BG$6:$BG$1143))) -> -1.6440515 | BI802: =SQRT((1-(BD802-MIN($BD$6:$BD$1143))/(MAX($BD$6:$BD$1143)-MIN($BD$6:$BD$1143)))^2+(1-(BG802-MIN($BG$6:$BG$1143))/(MAX($BG$6:$BG$1143)-MIN($BG$6:$BG$1143)))^2) -> 1.1919231
A803: 1222 | B803: 10.1016/j.matlet.2017.04.039 | C803: =_xlfn.XLOOKUP(A803,All!$A:$A,All!$C:$C,"") -> Cu-Cr-Zr | D803: 1 | E803: 质量分数 | F803: =100-SUM(G803:L803) -> 99.2 | G803: 0 | H803: 0.3 | I803: 0 | J803: 0 | K803: 0 | L803: 0.5 | M803: 摩尔分数 | N803: {=(F803/$F$4)/SUMPRODUCT($F803:$L803/$F$4:$L$4)*100} -> 99.284455 | O803: {=(G803/$G$4)/SUMPRODUCT($F803:$L803/$F$4:$L$4)*100} -> 0 | P803: {=(H803/$H$4)/SUMPRODUCT($F803:$L803/$F$4:$L$4)*100} -> 0.36695188 | Q803: {=(I803/$I$4)/SUMPRODUCT($F803:$L803/$F$4:$L$4)*100} -> 0 | R803: {=(J803/$J$4)/SUMPRODUCT($F803:$L803/$F$4:$L$4)*100} -> 0 | S803: {=(K803/$K$4)/SUMPRODUCT($F803:$L803/$F$4:$L$4)*100} -> 0 | T803: {=(L803/$L$4)/SUMPRODUCT($F803:$L803/$F$4:$L$4)*100} -> 0.34859303 | U803: =SUM(N803:T803) -> 100 | V803: =IF(K803<>0,J803/(K803),0) -> 0 | W803: =J803+K803 -> 0 | X803: =J803*K803 -> 0 | Y803: =IF(J803+K803<>0,I803/(J803+K803),0) -> 0 | Z803: =IF(J803+K803<>0,L803/(J803+K803),0) -> 0 | AA803: =IF(L803<>0,H803/(L803),0) -> 0.6 | AB803: =H803+L803 -> 0.8 | AC803: =H803*L803 -> 0.15 | AD803: =IF(H803<>0,P803/(H803),0) -> 1.2231729 | AE803: =IF(J803+K803<>0,H803/(J803+K803),0) -> 0 | AF803: =IF(H803<>0,(J803+K803)/(H803),0) -> 0 | AG803: =(J803+K803)*H803 -> 0 | AH803: =(100-N803)% -> 0.0071554491 | AI803: {=SQRT(SUMPRODUCT(N803:T803/100,(1-($N$4:$T$4/(SUMPRODUCT(N803:T803,$N$4:$T$4)/100)))^2))} -> 0.014721863 | AJ803: {=SUMPRODUCT(N803:T803,$N$3:$T$3)/100} -> 1.8971323 | AK803: {=SUMPRODUCT(N803:T803/100,($N$3:$T$3-(SUMPRODUCT(N803:T803,$N$3:$T$3)/100))^2)} -> 0.0013357195 | AL803: {=SUMPRODUCT(N803:T803/100,($N$2:$T$2-(SUMPRODUCT(N803:T803,$N$2:$T$2)/100))^2)} -> 0.26072107 | AM803: {=SUMPRODUCT(N803:T803,$N$2:$T$2)/100} -> 10.957251 | AN803: {=SUMPRODUCT(N803:T803,$N$1:$T$1)/100} -> 1090.3232 | AO803: {=-8.314*SUMPRODUCT((N803:T803/100)*LN(N803:T803/100+0.000000000001))} -> 0.3943686 | AP803: {=SUMPRODUCT((N803:T803/100)^2)} -> 0.98576592 | AQ803: {=1/SUMPRODUCT((N803:T803/100)^2)} -> 1.0144396 | AR803: Solution ==> Quenching ==> Aging | AS803: =IF(AR803="Solution ==> Quenching ==> Deformation ==> Aging ==> Secondary TMP ==> Secondary Aging",2,IF(AR803="Solution ==> Quenching ==> Deformation ==> Aging",1,IF(AR803="Solution ==> Quenching ==> Aging",0,""))) -> 0 | AT803: 999.85 | AU803: 1 | AV803: 0 | AW803: 249.85 | AX803: 1 | AY803: =AV803%*AW803 -> 0 | AZ803: =AV803%*AX803 -> 0 | BA803: =AW803*AX803 -> 249.85 | BB803: =AT803-AW803 -> 750 | BC803: N | BD803: 84 | BE803: N/A | BF803: N/A | BG803: 32 | BH803: =IF(OR(BD803="",BG803=""),"",((BD803-AVERAGE($BD$6:$BD$1143))/_xlfn.STDEV.S($BD$6:$BD$1143))-$BJ$1*((AVERAGE($BG$6:$BG$1143)-BG803)/_xlfn.STDEV.S($BG$6:$BG$1143))) -> -1.6440515 | BI803: =SQRT((1-(BD803-MIN($BD$6:$BD$1143))/(MAX($BD$6:$BD$1143)-MIN($BD$6:$BD$1143)))^2+(1-(BG803-MIN($BG$6:$BG$1143))/(MAX($BG$6:$BG$1143)-MIN($BG$6:$BG$1143)))^2) -> 1.1919231
A804: Mat27027 | B804: 10.1016/j.mtcomm.2024.109438 | C804: =_xlfn.XLOOKUP(A804,All!$A:$A,All!$C:$C,"") -> Cu-Mg-Ni-Si | D804: 0 | E804: 质量分数 | F804: =100-SUM(G804:L804) -> 96.74 | G804: 0 | H804: 0 | I804: 0.22 | J804: 2.58 | K804: 0.46 | L804: 0 | M804: 摩尔分数 | N804: {=(F804/$F$4)/SUMPRODUCT($F804:$L804/$F$4:$L$4)*100} -> 95.64077 | O804: {=(G804/$G$4)/SUMPRODUCT($F804:$L804/$F$4:$L$4)*100} -> 0 | P804: {=(H804/$H$4)/SUMPRODUCT($F804:$L804/$F$4:$L$4)*100} -> 0 | Q804: {=(I804/$I$4)/SUMPRODUCT($F804:$L804/$F$4:$L$4)*100} -> 0.56865944 | R804: {=(J804/$J$4)/SUMPRODUCT($F804:$L804/$F$4:$L$4)*100} -> 2.7615862 | S804: {=(K804/$K$4)/SUMPRODUCT($F804:$L804/$F$4:$L$4)*100} -> 1.028984 | T804: {=(L804/$L$4)/SUMPRODUCT($F804:$L804/$F$4:$L$4)*100} -> 0 | U804: =SUM(N804:T804) -> 100 | V804: =IF(K804<>0,J804/(K804),0) -> 5.6086957 | W804: =J804+K804 -> 3.04 | X804: =J804*K804 -> 1.1868 | Y804: =IF(J804+K804<>0,I804/(J804+K804),0) -> 0.072368421 | Z804: =IF(J804+K804<>0,L804/(J804+K804),0) -> 0 | AA804: =IF(L804<>0,H804/(L804),0) -> 0 | AB804: =H804+L804 -> 0 | AC804: =H804*L804 -> 0 | AD804: =IF(H804<>0,P804/(H804),0) -> 0 | AE804: =IF(J804+K804<>0,H804/(J804+K804),0) -> 0 | AF804: =IF(H804<>0,(J804+K804)/(H804),0) -> 0 | AG804: =(J804+K804)*H804 -> 0 | AH804: =(100-N804)% -> 0.043592296 | AI804: {=SQRT(SUMPRODUCT(N804:T804/100,(1-($N$4:$T$4/(SUMPRODUCT(N804:T804,$N$4:$T$4)/100)))^2))} -> 0.023751702 | AJ804: {=SUMPRODUCT(N804:T804,$N$3:$T$3)/100} -> 1.8969211 | AK804: {=SUMPRODUCT(N804:T804/100,($N$3:$T$3-(SUMPRODUCT(N804:T804,$N$3:$T$3)/100))^2)} -> 0.0019727853 | AL804: {=SUMPRODUCT(N804:T804/100,($N$2:$T$2-(SUMPRODUCT(N804:T804,$N$2:$T$2)/100))^2)} -> 0.96968425 | AM804: {=SUMPRODUCT(N804:T804,$N$2:$T$2)/100} -> 10.849176 | AN804: {=SUMPRODUCT(N804:T804,$N$1:$T$1)/100} -> 1095.7661 | AO804: {=-8.314*SUMPRODUCT((N804:T804/100)*LN(N804:T804/100+0.000000000001))} -> 1.8144604 | AP804: {=SUMPRODUCT((N804:T804/100)^2)} -> 0.91561655 | AQ804: {=1/SUMPRODUCT((N804:T804/100)^2)} -> 1.0921602 | AR804: Solution ==> Quenching ==> Deformation ==> Aging | AS804: =IF(AR804="Solution ==> Quenching ==> Deformation ==> Aging ==> Secondary TMP ==> Secondary Aging",2,IF(AR804="Solution ==> Quenching ==> Deformation ==> Aging",1,IF(AR804="Solution ==> Quenching ==> Aging",0,""))) -> 1 | AT804: N/A | AU804: N/A | AV804: N/A | AW804: N/A | AX804: N/A | AY804: =AV804%*AW804 -> #VALUE! | AZ804: =AV804%*AX804 -> #VALUE! | BA804: =AW804*AX804 -> #VALUE! | BB804: =AT804-AW804 -> #VALUE! | BC804: N/A | BD804: 126.7 | BE804: 265/MPa | BF804: 380/MPa | BG804: 40.5 | BH804: =IF(OR(BD804="",BG804=""),"",((BD804-AVERAGE($BD$6:$BD$1143))/_xlfn.STDEV.S($BD$6:$BD$1143))-$BJ$1*((AVERAGE($BG$6:$BG$1143)-BG804)/_xlfn.STDEV.S($BG$6:$BG$1143))) -> -1.09489 | BI804: =SQRT((1-(BD804-MIN($BD$6:$BD$1143))/(MAX($BD$6:$BD$1143)-MIN($BD$6:$BD$1143)))^2+(1-(BG804-MIN($BG$6:$BG$1143))/(MAX($BG$6:$BG$1143)-MIN($BG$6:$BG$1143)))^2) -> 1.023266
A805: 209 | B805: 10.2320/jinstmet1952.62.4_301 | C805: =_xlfn.XLOOKUP(A805,All!$A:$A,All!$C:$C,"") -> Cu-Ni-Si | D805: 0 | E805: 质量分数 | F805: =100-SUM(G805:L805) -> 97.12 | G805: 0 | H805: 0 | I805: 0 | J805: 2.32 | K805: 0.56 | L805: 0 | M805: 摩尔分数 | N805: {=(F805/$F$4)/SUMPRODUCT($F805:$L805/$F$4:$L$4)*100} -> 96.254764 | O805: {=(G805/$G$4)/SUMPRODUCT($F805:$L805/$F$4:$L$4)*100} -> 0 | P805: {=(H805/$H$4)/SUMPRODUCT($F805:$L805/$F$4:$L$4)*100} -> 0 | Q805: {=(I805/$I$4)/SUMPRODUCT($F805:$L805/$F$4:$L$4)*100} -> 0 | R805: {=(J805/$J$4)/SUMPRODUCT($F805:$L805/$F$4:$L$4)*100} -> 2.4894503 | S805: {=(K805/$K$4)/SUMPRODUCT($F805:$L805/$F$4:$L$4)*100} -> 1.2557853 | T805: {=(L805/$L$4)/SUMPRODUCT($F805:$L805/$F$4:$L$4)*100} -> 0 | U805: =SUM(N805:T805) -> 100 | V805: =IF(K805<>0,J805/(K805),0) -> 4.1428571 | W805: =J805+K805 -> 2.88 | X805: =J805*K805 -> 1.2992 | Y805: =IF(J805+K805<>0,I805/(J805+K805),0) -> 0 | Z805: =IF(J805+K805<>0,L805/(J805+K805),0) -> 0 | AA805: =IF(L805<>0,H805/(L805),0) -> 0 | AB805: =H805+L805 -> 0 | AC805: =H805*L805 -> 0 | AD805: =IF(H805<>0,P805/(H805),0) -> 0 | AE805: =IF(J805+K805<>0,H805/(J805+K805),0) -> 0 | AF805: =IF(H805<>0,(J805+K805)/(H805),0) -> 0 | AG805: =(J805+K805)*H805 -> 0 | AH805: =(100-N805)% -> 0.037452355 | AI805: {=SQRT(SUMPRODUCT(N805:T805/100,(1-($N$4:$T$4/(SUMPRODUCT(N805:T805,$N$4:$T$4)/100)))^2))} -> 0.01552471 | AJ805: {=SUMPRODUCT(N805:T805,$N$3:$T$3)/100} -> 1.9002489 | AK805: {=SUMPRODUCT(N805:T805/100,($N$3:$T$3-(SUMPRODUCT(N805:T805,$N$3:$T$3)/100))^2)} -> 2.4274767e-06 | AL805: {=SUMPRODUCT(N805:T805/100,($N$2:$T$2-(SUMPRODUCT(N805:T805,$N$2:$T$2)/100))^2)} -> 0.62750556 | AM805: {=SUMPRODUCT(N805:T805,$N$2:$T$2)/100} -> 10.887201 | AN805: {=SUMPRODUCT(N805:T805,$N$1:$T$1)/100} -> 1097.9767 | AO805: {=-8.314*SUMPRODUCT((N805:T805/100)*LN(N805:T805/100+0.000000000001))} -> 1.5268748 | AP805: {=SUMPRODUCT((N805:T805/100)^2)} -> 0.9272754 | AQ805: {=1/SUMPRODUCT((N805:T805/100)^2)} -> 1.0784283 | AR805: Solution ==> Quenching ==> Aging | AS805: =IF(AR805="Solution ==> Quenching ==> Deformation ==> Aging ==> Secondary TMP ==> Secondary Aging",2,IF(AR805="Solution ==> Quenching ==> Deformation ==> Aging",1,IF(AR805="Solution ==> Quenching ==> Aging",0,""))) -> 0 | AT805: 949.85 | AU805: 1 | AV805: 0 | AW805: 499.85 | AX805: 0.033333333 | AY805: =AV805%*AW805 -> 0 | AZ805: =AV805%*AX805 -> 0 | BA805: =AW805*AX805 -> 16.661667 | BB805: =AT805-AW805 -> 450 | BC805: N | BD805: 130 | BE805: N/A | BF805: N/A | BG805: 67 | BH805: =IF(OR(BD805="",BG805=""),"",((BD805-AVERAGE($BD$6:$BD$1143))/_xlfn.STDEV.S($BD$6:$BD$1143))-$BJ$1*((AVERAGE($BG$6:$BG$1143)-BG805)/_xlfn.STDEV.S($BG$6:$BG$1143))) -> -1.0524489 | BI805: =SQRT((1-(BD805-MIN($BD$6:$BD$1143))/(MAX($BD$6:$BD$1143)-MIN($BD$6:$BD$1143)))^2+(1-(BG805-MIN($BG$6:$BG$1143))/(MAX($BG$6:$BG$1143)-MIN($BG$6:$BG$1143)))^2) -> 0.84517144
A806: 447 | B806: 10.2320/jinstmet1952.62.4_301 | C806: =_xlfn.XLOOKUP(A806,All!$A:$A,All!$C:$C,"") -> Cu-Ni-Si | D806: 0 | E806: 质量分数 | F806: =100-SUM(G806:L806) -> 95.51 | G806: 0 | H806: 0 | I806: 0 | J806: 3.78 | K806: 0.71 | L806: 0 | M806: 摩尔分数 | N806: {=(F806/$F$4)/SUMPRODUCT($F806:$L806/$F$4:$L$4)*100} -> 94.369063 | O806: {=(G806/$G$4)/SUMPRODUCT($F806:$L806/$F$4:$L$4)*100} -> 0 | P806: {=(H806/$H$4)/SUMPRODUCT($F806:$L806/$F$4:$L$4)*100} -> 0 | Q806: {=(I806/$I$4)/SUMPRODUCT($F806:$L806/$F$4:$L$4)*100} -> 0 | R806: {=(J806/$J$4)/SUMPRODUCT($F806:$L806/$F$4:$L$4)*100} -> 4.0436589 | S806: {=(K806/$K$4)/SUMPRODUCT($F806:$L806/$F$4:$L$4)*100} -> 1.5872778 | T806: {=(L806/$L$4)/SUMPRODUCT($F806:$L806/$F$4:$L$4)*100} -> 0 | U806: =SUM(N806:T806) -> 100 | V806: =IF(K806<>0,J806/(K806),0) -> 5.3239437 | W806: =J806+K806 -> 4.49 | X806: =J806*K806 -> 2.6838 | Y806: =IF(J806+K806<>0,I806/(J806+K806),0) -> 0 | Z806: =IF(J806+K806<>0,L806/(J806+K806),0) -> 0 | AA806: =IF(L806<>0,H806/(L806),0) -> 0 | AB806: =H806+L806 -> 0 | AC806: =H806*L806 -> 0 | AD806: =IF(H806<>0,P806/(H806),0) -> 0 | AE806: =IF(J806+K806<>0,H806/(J806+K806),0) -> 0 | AF806: =IF(H806<>0,(J806+K806)/(H806),0) -> 0 | AG806: =(J806+K806)*H806 -> 0 | AH806: =(100-N806)% -> 0.056309366 | AI806: {=SQRT(SUMPRODUCT(N806:T806/100,(1-($N$4:$T$4/(SUMPRODUCT(N806:T806,$N$4:$T$4)/100)))^2))} -> 0.017612237 | AJ806: {=SUMPRODUCT(N806:T806,$N$3:$T$3)/100} -> 1.9004044 | AK806: {=SUMPRODUCT(N806:T806/100,($N$3:$T$3-(SUMPRODUCT(N806:T806,$N$3:$T$3)/100))^2)} -> 3.8801471e-06 | AL806: {=SUMPRODUCT(N806:T806/100,($N$2:$T$2-(SUMPRODUCT(N806:T806,$N$2:$T$2)/100))^2)} -> 0.7952365 | AM806: {=SUMPRODUCT(N806:T806,$N$2:$T$2)/100} -> 10.848454 | AN806: {=SUMPRODUCT(N806:T806,$N$1:$T$1)/100} -> 1104.8251 | AO806: {=-8.314*SUMPRODUCT((N806:T806/100)*LN(N806:T806/100+0.000000000001))} -> 2.0799804 | AP806: {=SUMPRODUCT((N806:T806/100)^2)} -> 0.89243907 | AQ806: {=1/SUMPRODUCT((N806:T806/100)^2)} -> 1.1205247 | AR806: Solution ==> Quenching ==> Aging | AS806: =IF(AR806="Solution ==> Quenching ==> Deformation ==> Aging ==> Secondary TMP ==> Secondary Aging",2,IF(AR806="Solution ==> Quenching ==> Deformation ==> Aging",1,IF(AR806="Solution ==> Quenching ==> Aging",0,""))) -> 0 | AT806: 949.85 | AU806: 1 | AV806: 0 | AW806: 499.85 | AX806: 22 | AY806: =AV806%*AW806 -> 0 | AZ806: =AV806%*AX806 -> 0 | BA806: =AW806*AX806 -> 10996.7 | BB806: =AT806-AW806 -> 450 | BC806: N | BD806: 123 | BE806: N/A | BF806: N/A | BG806: 55 | BH806: =IF(OR(BD806="",BG806=""),"",((BD806-AVERAGE($BD$6:$BD$1143))/_xlfn.STDEV.S($BD$6:$BD$1143))-$BJ$1*((AVERAGE($BG$6:$BG$1143)-BG806)/_xlfn.STDEV.S($BG$6:$BG$1143))) -> -1.1424754 | BI806: =SQRT((1-(BD806-MIN($BD$6:$BD$1143))/(MAX($BD$6:$BD$1143)-MIN($BD$6:$BD$1143)))^2+(1-(BG806-MIN($BG$6:$BG$1143))/(MAX($BG$6:$BG$1143)-MIN($BG$6:$BG$1143)))^2) -> 0.929919
A807: 444 | B807: 10.2320/jinstmet1952.62.4_301 | C807: =_xlfn.XLOOKUP(A807,All!$A:$A,All!$C:$C,"") -> Cu-Ni-Si | D807: 0 | E807: 质量分数 | F807: =100-SUM(G807:L807) -> 95.34 | G807: 0 | H807: 0 | I807: 0 | J807: 3.77 | K807: 0.89 | L807: 0 | M807: 摩尔分数 | N807: {=(F807/$F$4)/SUMPRODUCT($F807:$L807/$F$4:$L$4)*100} -> 93.990798 | O807: {=(G807/$G$4)/SUMPRODUCT($F807:$L807/$F$4:$L$4)*100} -> 0 | P807: {=(H807/$H$4)/SUMPRODUCT($F807:$L807/$F$4:$L$4)*100} -> 0 | Q807: {=(I807/$I$4)/SUMPRODUCT($F807:$L807/$F$4:$L$4)*100} -> 0 | R807: {=(J807/$J$4)/SUMPRODUCT($F807:$L807/$F$4:$L$4)*100} -> 4.0239581 | S807: {=(K807/$K$4)/SUMPRODUCT($F807:$L807/$F$4:$L$4)*100} -> 1.9852444 | T807: {=(L807/$L$4)/SUMPRODUCT($F807:$L807/$F$4:$L$4)*100} -> 0 | U807: =SUM(N807:T807) -> 100 | V807: =IF(K807<>0,J807/(K807),0) -> 4.2359551 | W807: =J807+K807 -> 4.66 | X807: =J807*K807 -> 3.3553 | Y807: =IF(J807+K807<>0,I807/(J807+K807),0) -> 0 | Z807: =IF(J807+K807<>0,L807/(J807+K807),0) -> 0 | AA807: =IF(L807<>0,H807/(L807),0) -> 0 | AB807: =H807+L807 -> 0 | AC807: =H807*L807 -> 0 | AD807: =IF(H807<>0,P807/(H807),0) -> 0 | AE807: =IF(J807+K807<>0,H807/(J807+K807),0) -> 0 | AF807: =IF(H807<>0,(J807+K807)/(H807),0) -> 0 | AG807: =(J807+K807)*H807 -> 0 | AH807: =(100-N807)% -> 0.060092025 | AI807: {=SQRT(SUMPRODUCT(N807:T807/100,(1-($N$4:$T$4/(SUMPRODUCT(N807:T807,$N$4:$T$4)/100)))^2))} -> 0.019422795 | AJ807: {=SUMPRODUCT(N807:T807,$N$3:$T$3)/100} -> 1.9004024 | AK807: {=SUMPRODUCT(N807:T807/100,($N$3:$T$3-(SUMPRODUCT(N807:T807,$N$3:$T$3)/100))^2)} -> 3.8620357e-06 | AL807: {=SUMPRODUCT(N807:T807/100,($N$2:$T$2-(SUMPRODUCT(N807:T807,$N$2:$T$2)/100))^2)} -> 0.98089431 | AM807: {=SUMPRODUCT(N807:T807,$N$2:$T$2)/100} -> 10.820793 | AN807: {=SUMPRODUCT(N807:T807,$N$1:$T$1)/100} -> 1106.0629 | AO807: {=-8.314*SUMPRODUCT((N807:T807/100)*LN(N807:T807/100+0.000000000001))} -> 2.2060813 | AP807: {=SUMPRODUCT((N807:T807/100)^2)} -> 0.88544034 | AQ807: {=1/SUMPRODUCT((N807:T807/100)^2)} -> 1.1293816 | AR807: Solution ==> Quenching ==> Aging | AS807: =IF(AR807="Solution ==> Quenching ==> Deformation ==> Aging ==> Secondary TMP ==> Secondary Aging",2,IF(AR807="Solution ==> Quenching ==> Deformation ==> Aging",1,IF(AR807="Solution ==> Quenching ==> Aging",0,""))) -> 0 | AT807: 949.85 | AU807: 1 | AV807: 0 | AW807: 499.85 | AX807: 22 | AY807: =AV807%*AW807 -> 0 | AZ807: =AV807%*AX807 -> 0 | BA807: =AW807*AX807 -> 10996.7 | BB807: =AT807-AW807 -> 450 | BC807: N | BD807: 125 | BE807: N/A | BF807: N/A | BG807: 55 | BH807: =IF(OR(BD807="",BG807=""),"",((BD807-AVERAGE($BD$6:$BD$1143))/_xlfn.STDEV.S($BD$6:$BD$1143))-$BJ$1*((AVERAGE($BG$6:$BG$1143)-BG807)/_xlfn.STDEV.S($BG$6:$BG$1143))) -> -1.1167536 | BI807: =SQRT((1-(BD807-MIN($BD$6:$BD$1143))/(MAX($BD$6:$BD$1143)-MIN($BD$6:$BD$1143)))^2+(1-(BG807-MIN($BG$6:$BG$1143))/(MAX($BG$6:$BG$1143)-MIN($BG$6:$BG$1143)))^2) -> 0.92460166
A808: 411 | B808: 10.2320/jinstmet1952.62.4_301 | C808: =_xlfn.XLOOKUP(A808,All!$A:$A,All!$C:$C,"") -> Cu-Ni-Si | D808: 0 | E808: 质量分数 | F808: =100-SUM(G808:L808) -> 95.34 | G808: 0 | H808: 0 | I808: 0 | J808: 3.77 | K808: 0.89 | L808: 0 | M808: 摩尔分数 | N808: {=(F808/$F$4)/SUMPRODUCT($F808:$L808/$F$4:$L$4)*100} -> 93.990798 | O808: {=(G808/$G$4)/SUMPRODUCT($F808:$L808/$F$4:$L$4)*100} -> 0 | P808: {=(H808/$H$4)/SUMPRODUCT($F808:$L808/$F$4:$L$4)*100} -> 0 | Q808: {=(I808/$I$4)/SUMPRODUCT($F808:$L808/$F$4:$L$4)*100} -> 0 | R808: {=(J808/$J$4)/SUMPRODUCT($F808:$L808/$F$4:$L$4)*100} -> 4.0239581 | S808: {=(K808/$K$4)/SUMPRODUCT($F808:$L808/$F$4:$L$4)*100} -> 1.9852444 | T808: {=(L808/$L$4)/SUMPRODUCT($F808:$L808/$F$4:$L$4)*100} -> 0 | U808: =SUM(N808:T808) -> 100 | V808: =IF(K808<>0,J808/(K808),0) -> 4.2359551 | W808: =J808+K808 -> 4.66 | X808: =J808*K808 -> 3.3553 | Y808: =IF(J808+K808<>0,I808/(J808+K808),0) -> 0 | Z808: =IF(J808+K808<>0,L808/(J808+K808),0) -> 0 | AA808: =IF(L808<>0,H808/(L808),0) -> 0 | AB808: =H808+L808 -> 0 | AC808: =H808*L808 -> 0 | AD808: =IF(H808<>0,P808/(H808),0) -> 0 | AE808: =IF(J808+K808<>0,H808/(J808+K808),0) -> 0 | AF808: =IF(H808<>0,(J808+K808)/(H808),0) -> 0 | AG808: =(J808+K808)*H808 -> 0 | AH808: =(100-N808)% -> 0.060092025 | AI808: {=SQRT(SUMPRODUCT(N808:T808/100,(1-($N$4:$T$4/(SUMPRODUCT(N808:T808,$N$4:$T$4)/100)))^2))} -> 0.019422795 | AJ808: {=SUMPRODUCT(N808:T808,$N$3:$T$3)/100} -> 1.9004024 | AK808: {=SUMPRODUCT(N808:T808/100,($N$3:$T$3-(SUMPRODUCT(N808:T808,$N$3:$T$3)/100))^2)} -> 3.8620357e-06 | AL808: {=SUMPRODUCT(N808:T808/100,($N$2:$T$2-(SUMPRODUCT(N808:T808,$N$2:$T$2)/100))^2)} -> 0.98089431 | AM808: {=SUMPRODUCT(N808:T808,$N$2:$T$2)/100} -> 10.820793 | AN808: {=SUMPRODUCT(N808:T808,$N$1:$T$1)/100} -> 1106.0629 | AO808: {=-8.314*SUMPRODUCT((N808:T808/100)*LN(N808:T808/100+0.000000000001))} -> 2.2060813 | AP808: {=SUMPRODUCT((N808:T808/100)^2)} -> 0.88544034 | AQ808: {=1/SUMPRODUCT((N808:T808/100)^2)} -> 1.1293816 | AR808: Solution ==> Quenching ==> Aging | AS808: =IF(AR808="Solution ==> Quenching ==> Deformation ==> Aging ==> Secondary TMP ==> Secondary Aging",2,IF(AR808="Solution ==> Quenching ==> Deformation ==> Aging",1,IF(AR808="Solution ==> Quenching ==> Aging",0,""))) -> 0 | AT808: 949.85 | AU808: 1 | AV808: 0 | AW808: 499.85 | AX808: 6 | AY808: =AV808%*AW808 -> 0 | AZ808: =AV808%*AX808 -> 0 | BA808: =AW808*AX808 -> 2999.1 | BB808: =AT808-AW808 -> 450 | BC808: N | BD808: 148 | BE808: N/A | BF808: N/A | BG808: 53 | BH808: =IF(OR(BD808="",BG808=""),"",((BD808-AVERAGE($BD$6:$BD$1143))/_xlfn.STDEV.S($BD$6:$BD$1143))-$BJ$1*((AVERAGE($BG$6:$BG$1143)-BG808)/_xlfn.STDEV.S($BG$6:$BG$1143))) -> -0.82095229 | BI808: =SQRT((1-(BD808-MIN($BD$6:$BD$1143))/(MAX($BD$6:$BD$1143)-MIN($BD$6:$BD$1143)))^2+(1-(BG808-MIN($BG$6:$BG$1143))/(MAX($BG$6:$BG$1143)-MIN($BG$6:$BG$1143)))^2) -> 0.87786435
A809: 173 | B809: 10.1016/j.matchar.2016.03.017 | C809: =_xlfn.XLOOKUP(A809,All!$A:$A,All!$C:$C,"") -> Cu-Ni-Si | D809: 0 | E809: 质量分数 | F809: =100-SUM(G809:L809) -> 94.93 | G809: 0 | H809: 0 | I809: 0 | J809: 4.1 | K809: 0.97 | L809: 0 | M809: 摩尔分数 | N809: {=(F809/$F$4)/SUMPRODUCT($F809:$L809/$F$4:$L$4)*100} -> 93.46838 | O809: {=(G809/$G$4)/SUMPRODUCT($F809:$L809/$F$4:$L$4)*100} -> 0 | P809: {=(H809/$H$4)/SUMPRODUCT($F809:$L809/$F$4:$L$4)*100} -> 0 | Q809: {=(I809/$I$4)/SUMPRODUCT($F809:$L809/$F$4:$L$4)*100} -> 0 | R809: {=(J809/$J$4)/SUMPRODUCT($F809:$L809/$F$4:$L$4)*100} -> 4.3706598 | S809: {=(K809/$K$4)/SUMPRODUCT($F809:$L809/$F$4:$L$4)*100} -> 2.1609602 | T809: {=(L809/$L$4)/SUMPRODUCT($F809:$L809/$F$4:$L$4)*100} -> 0 | U809: =SUM(N809:T809) -> 100 | V809: =IF(K809<>0,J809/(K809),0) -> 4.2268041 | W809: =J809+K809 -> 5.07 | X809: =J809*K809 -> 3.977 | Y809: =IF(J809+K809<>0,I809/(J809+K809),0) -> 0 | Z809: =IF(J809+K809<>0,L809/(J809+K809),0) -> 0 | AA809: =IF(L809<>0,H809/(L809),0) -> 0 | AB809: =H809+L809 -> 0 | AC809: =H809*L809 -> 0 | AD809: =IF(H809<>0,P809/(H809),0) -> 0 | AE809: =IF(J809+K809<>0,H809/(J809+K809),0) -> 0 | AF809: =IF(H809<>0,(J809+K809)/(H809),0) -> 0 | AG809: =(J809+K809)*H809 -> 0 | AH809: =(100-N809)% -> 0.065316199 | AI809: {=SQRT(SUMPRODUCT(N809:T809/100,(1-($N$4:$T$4/(SUMPRODUCT(N809:T809,$N$4:$T$4)/100)))^2))} -> 0.020233036 | AJ809: {=SUMPRODUCT(N809:T809,$N$3:$T$3)/100} -> 1.9004371 | AK809: {=SUMPRODUCT(N809:T809/100,($N$3:$T$3-(SUMPRODUCT(N809:T809,$N$3:$T$3)/100))^2)} -> 4.1796331e-06 | AL809: {=SUMPRODUCT(N809:T809/100,($N$2:$T$2-(SUMPRODUCT(N809:T809,$N$2:$T$2)/100))^2)} -> 1.0645623 | AM809: {=SUMPRODUCT(N809:T809,$N$2:$T$2)/100} -> 10.805026 | AN809: {=SUMPRODUCT(N809:T809,$N$1:$T$1)/100} -> 1107.9258 | AO809: {=-8.314*SUMPRODUCT((N809:T809/100)*LN(N809:T809/100+0.000000000001))} -> 2.351303 | AP809: {=SUMPRODUCT((N809:T809/100)^2)} -> 0.87601105 | AQ809: {=1/SUMPRODUCT((N809:T809/100)^2)} -> 1.1415381 | AR809: Solution ==> Quenching ==> Aging | AS809: =IF(AR809="Solution ==> Quenching ==> Deformation ==> Aging ==> Secondary TMP ==> Secondary Aging",2,IF(AR809="Solution ==> Quenching ==> Deformation ==> Aging",1,IF(AR809="Solution ==> Quenching ==> Aging",0,""))) -> 0 | AT809: 899.85 | AU809: 3 | AV809: 0 | AW809: 449.85 | AX809: 408 | AY809: =AV809%*AW809 -> 0 | AZ809: =AV809%*AX809 -> 0 | BA809: =AW809*AX809 -> 183538.8 | BB809: =AT809-AW809 -> 450 | BC809: N | BD809: 137 | BE809: N/A | BF809: N/A | BG809: 52 | BH809: =IF(OR(BD809="",BG809=""),"",((BD809-AVERAGE($BD$6:$BD$1143))/_xlfn.STDEV.S($BD$6:$BD$1143))-$BJ$1*((AVERAGE($BG$6:$BG$1143)-BG809)/_xlfn.STDEV.S($BG$6:$BG$1143))) -> -0.96242246 | BI809: =SQRT((1-(BD809-MIN($BD$6:$BD$1143))/(MAX($BD$6:$BD$1143)-MIN($BD$6:$BD$1143)))^2+(1-(BG809-MIN($BG$6:$BG$1143))/(MAX($BG$6:$BG$1143)-MIN($BG$6:$BG$1143)))^2) -> 0.91290529
A810: 172 | B810: 10.1016/j.matchar.2016.03.017 | C810: =_xlfn.XLOOKUP(A810,All!$A:$A,All!$C:$C,"") -> Cu-Ni-Si | D810: 0 | E810: 质量分数 | F810: =100-SUM(G810:L810) -> 94.93 | G810: 0 | H810: 0 | I810: 0 | J810: 4.1 | K810: 0.97 | L810: 0 | M810: 摩尔分数 | N810: {=(F810/$F$4)/SUMPRODUCT($F810:$L810/$F$4:$L$4)*100} -> 93.46838 | O810: {=(G810/$G$4)/SUMPRODUCT($F810:$L810/$F$4:$L$4)*100} -> 0 | P810: {=(H810/$H$4)/SUMPRODUCT($F810:$L810/$F$4:$L$4)*100} -> 0 | Q810: {=(I810/$I$4)/SUMPRODUCT($F810:$L810/$F$4:$L$4)*100} -> 0 | R810: {=(J810/$J$4)/SUMPRODUCT($F810:$L810/$F$4:$L$4)*100} -> 4.3706598 | S810: {=(K810/$K$4)/SUMPRODUCT($F810:$L810/$F$4:$L$4)*100} -> 2.1609602 | T810: {=(L810/$L$4)/SUMPRODUCT($F810:$L810/$F$4:$L$4)*100} -> 0 | U810: =SUM(N810:T810) -> 100 | V810: =IF(K810<>0,J810/(K810),0) -> 4.2268041 | W810: =J810+K810 -> 5.07 | X810: =J810*K810 -> 3.977 | Y810: =IF(J810+K810<>0,I810/(J810+K810),0) -> 0 | Z810: =IF(J810+K810<>0,L810/(J810+K810),0) -> 0 | AA810: =IF(L810<>0,H810/(L810),0) -> 0 | AB810: =H810+L810 -> 0 | AC810: =H810*L810 -> 0 | AD810: =IF(H810<>0,P810/(H810),0) -> 0 | AE810: =IF(J810+K810<>0,H810/(J810+K810),0) -> 0 | AF810: =IF(H810<>0,(J810+K810)/(H810),0) -> 0 | AG810: =(J810+K810)*H810 -> 0 | AH810: =(100-N810)% -> 0.065316199 | AI810: {=SQRT(SUMPRODUCT(N810:T810/100,(1-($N$4:$T$4/(SUMPRODUCT(N810:T810,$N$4:$T$4)/100)))^2))} -> 0.020233036 | AJ810: {=SUMPRODUCT(N810:T810,$N$3:$T$3)/100} -> 1.9004371 | AK810: {=SUMPRODUCT(N810:T810/100,($N$3:$T$3-(SUMPRODUCT(N810:T810,$N$3:$T$3)/100))^2)} -> 4.1796331e-06 | AL810: {=SUMPRODUCT(N810:T810/100,($N$2:$T$2-(SUMPRODUCT(N810:T810,$N$2:$T$2)/100))^2)} -> 1.0645623 | AM810: {=SUMPRODUCT(N810:T810,$N$2:$T$2)/100} -> 10.805026 | AN810: {=SUMPRODUCT(N810:T810,$N$1:$T$1)/100} -> 1107.9258 | AO810: {=-8.314*SUMPRODUCT((N810:T810/100)*LN(N810:T810/100+0.000000000001))} -> 2.351303 | AP810: {=SUMPRODUCT((N810:T810/100)^2)} -> 0.87601105 | AQ810: {=1/SUMPRODUCT((N810:T810/100)^2)} -> 1.1415381 | AR810: Solution ==> Quenching ==> Aging | AS810: =IF(AR810="Solution ==> Quenching ==> Deformation ==> Aging ==> Secondary TMP ==> Secondary Aging",2,IF(AR810="Solution ==> Quenching ==> Deformation ==> Aging",1,IF(AR810="Solution ==> Quenching ==> Aging",0,""))) -> 0 | AT810: 899.85 | AU810: 3 | AV810: 0 | AW810: 449.85 | AX810: 240 | AY810: =AV810%*AW810 -> 0 | AZ810: =AV810%*AX810 -> 0 | BA810: =AW810*AX810 -> 107964 | BB810: =AT810-AW810 -> 450 | BC810: N | BD810: 138 | BE810: N/A | BF810: N/A | BG810: 52 | BH810: =IF(OR(BD810="",BG810=""),"",((BD810-AVERAGE($BD$6:$BD$1143))/_xlfn.STDEV.S($BD$6:$BD$1143))-$BJ$1*((AVERAGE($BG$6:$BG$1143)-BG810)/_xlfn.STDEV.S($BG$6:$BG$1143))) -> -0.94956154 | BI810: =SQRT((1-(BD810-MIN($BD$6:$BD$1143))/(MAX($BD$6:$BD$1143)-MIN($BD$6:$BD$1143)))^2+(1-(BG810-MIN($BG$6:$BG$1143))/(MAX($BG$6:$BG$1143)-MIN($BG$6:$BG$1143)))^2) -> 0.91034035
A811: 361 | B811: 10.1016/j.pnsc.2017.06.006 | C811: =_xlfn.XLOOKUP(A811,All!$A:$A,All!$C:$C,"") -> Cu-Ni-Si | D811: 0 | E811: 质量分数 | F811: =100-SUM(G811:L811) -> 95.16 | G811: 0 | H811: 0 | I811: 0 | J811: 3.91 | K811: 0.93 | L811: 0 | M811: 摩尔分数 | N811: {=(F811/$F$4)/SUMPRODUCT($F811:$L811/$F$4:$L$4)*100} -> 93.755964 | O811: {=(G811/$G$4)/SUMPRODUCT($F811:$L811/$F$4:$L$4)*100} -> 0 | P811: {=(H811/$H$4)/SUMPRODUCT($F811:$L811/$F$4:$L$4)*100} -> 0 | Q811: {=(I811/$I$4)/SUMPRODUCT($F811:$L811/$F$4:$L$4)*100} -> 0 | R811: {=(J811/$J$4)/SUMPRODUCT($F811:$L811/$F$4:$L$4)*100} -> 4.1708362 | S811: {=(K811/$K$4)/SUMPRODUCT($F811:$L811/$F$4:$L$4)*100} -> 2.0732 | T811: {=(L811/$L$4)/SUMPRODUCT($F811:$L811/$F$4:$L$4)*100} -> 0 | U811: =SUM(N811:T811) -> 100 | V811: =IF(K811<>0,J811/(K811),0) -> 4.2043011 | W811: =J811+K811 -> 4.84 | X811: =J811*K811 -> 3.6363 | Y811: =IF(J811+K811<>0,I811/(J811+K811),0) -> 0 | Z811: =IF(J811+K811<>0,L811/(J811+K811),0) -> 0 | AA811: =IF(L811<>0,H811/(L811),0) -> 0 | AB811: =H811+L811 -> 0 | AC811: =H811*L811 -> 0 | AD811: =IF(H811<>0,P811/(H811),0) -> 0 | AE811: =IF(J811+K811<>0,H811/(J811+K811),0) -> 0 | AF811: =IF(H811<>0,(J811+K811)/(H811),0) -> 0 | AG811: =(J811+K811)*H811 -> 0 | AH811: =(100-N811)% -> 0.062440363 | AI811: {=SQRT(SUMPRODUCT(N811:T811/100,(1-($N$4:$T$4/(SUMPRODUCT(N811:T811,$N$4:$T$4)/100)))^2))} -> 0.019828042 | AJ811: {=SUMPRODUCT(N811:T811,$N$3:$T$3)/100} -> 1.9004171 | AK811: {=SUMPRODUCT(N811:T811/100,($N$3:$T$3-(SUMPRODUCT(N811:T811,$N$3:$T$3)/100))^2)} -> 3.9968775e-06 | AL811: {=SUMPRODUCT(N811:T811/100,($N$2:$T$2-(SUMPRODUCT(N811:T811,$N$2:$T$2)/100))^2)} -> 1.02267 | AM811: {=SUMPRODUCT(N811:T811,$N$2:$T$2)/100} -> 10.813168 | AN811: {=SUMPRODUCT(N811:T811,$N$1:$T$1)/100} -> 1106.8966 | AO811: {=-8.314*SUMPRODUCT((N811:T811/100)*LN(N811:T811/100+0.000000000001))} -> 2.2723626 | AP811: {=SUMPRODUCT((N811:T811/100)^2)} -> 0.88118748 | AQ811: {=1/SUMPRODUCT((N811:T811/100)^2)} -> 1.1348323 | AR811: Solution ==> Quenching ==> Aging | AS811: =IF(AR811="Solution ==> Quenching ==> Deformation ==> Aging ==> Secondary TMP ==> Secondary Aging",2,IF(AR811="Solution ==> Quenching ==> Deformation ==> Aging",1,IF(AR811="Solution ==> Quenching ==> Aging",0,""))) -> 0 | AT811: 949.85 | AU811: 1 | AV811: 0 | AW811: 449.85 | AX811: 4 | AY811: =AV811%*AW811 -> 0 | AZ811: =AV811%*AX811 -> 0 | BA811: =AW811*AX811 -> 1799.4 | BB811: =AT811-AW811 -> 500 | BC811: N | BD811: 175 | BE811: N/A | BF811: N/A | BG811: 52 | BH811: =IF(OR(BD811="",BG811=""),"",((BD811-AVERAGE($BD$6:$BD$1143))/_xlfn.STDEV.S($BD$6:$BD$1143))-$BJ$1*((AVERAGE($BG$6:$BG$1143)-BG811)/_xlfn.STDEV.S($BG$6:$BG$1143))) -> -0.47370731 | BI811: =SQRT((1-(BD811-MIN($BD$6:$BD$1143))/(MAX($BD$6:$BD$1143)-MIN($BD$6:$BD$1143)))^2+(1-(BG811-MIN($BG$6:$BG$1143))/(MAX($BG$6:$BG$1143)-MIN($BG$6:$BG$1143)))^2) -> 0.81787448
A812: 371 | B812: https://www.ams.org.cn/EN/10.11900/0412.1961.2019.00080 | C812: =_xlfn.XLOOKUP(A812,All!$A:$A,All!$C:$C,"") -> Cu-Ni-Si | D812: 0 | E812: 质量分数 | F812: =100-SUM(G812:L812) -> 95.1 | G812: 0 | H812: 0 | I812: 0 | J812: 4 | K812: 0.9 | L812: 0 | M812: 摩尔分数 | N812: {=(F812/$F$4)/SUMPRODUCT($F812:$L812/$F$4:$L$4)*100} -> 93.724955 | O812: {=(G812/$G$4)/SUMPRODUCT($F812:$L812/$F$4:$L$4)*100} -> 0 | P812: {=(H812/$H$4)/SUMPRODUCT($F812:$L812/$F$4:$L$4)*100} -> 0 | Q812: {=(I812/$I$4)/SUMPRODUCT($F812:$L812/$F$4:$L$4)*100} -> 0 | R812: {=(J812/$J$4)/SUMPRODUCT($F812:$L812/$F$4:$L$4)*100} -> 4.2681201 | S812: {=(K812/$K$4)/SUMPRODUCT($F812:$L812/$F$4:$L$4)*100} -> 2.0069245 | T812: {=(L812/$L$4)/SUMPRODUCT($F812:$L812/$F$4:$L$4)*100} -> 0 | U812: =SUM(N812:T812) -> 100 | V812: =IF(K812<>0,J812/(K812),0) -> 4.4444444 | W812: =J812+K812 -> 4.9 | X812: =J812*K812 -> 3.6 | Y812: =IF(J812+K812<>0,I812/(J812+K812),0) -> 0 | Z812: =IF(J812+K812<>0,L812/(J812+K812),0) -> 0 | AA812: =IF(L812<>0,H812/(L812),0) -> 0 | AB812: =H812+L812 -> 0 | AC812: =H812*L812 -> 0 | AD812: =IF(H812<>0,P812/(H812),0) -> 0 | AE812: =IF(J812+K812<>0,H812/(J812+K812),0) -> 0 | AF812: =IF(H812<>0,(J812+K812)/(H812),0) -> 0 | AG812: =(J812+K812)*H812 -> 0 | AH812: =(100-N812)% -> 0.062750445 | AI812: {=SQRT(SUMPRODUCT(N812:T812/100,(1-($N$4:$T$4/(SUMPRODUCT(N812:T812,$N$4:$T$4)/100)))^2))} -> 0.019563918 | AJ812: {=SUMPRODUCT(N812:T812,$N$3:$T$3)/100} -> 1.9004268 | AK812: {=SUMPRODUCT(N812:T812/100,($N$3:$T$3-(SUMPRODUCT(N812:T812,$N$3:$T$3)/100))^2)} -> 4.0859516e-06 | AL812: {=SUMPRODUCT(N812:T812/100,($N$2:$T$2-(SUMPRODUCT(N812:T812,$N$2:$T$2)/100))^2)} -> 0.99252443 | AM812: {=SUMPRODUCT(N812:T812,$N$2:$T$2)/100} -> 10.816834 | AN812: {=SUMPRODUCT(N812:T812,$N$1:$T$1)/100} -> 1107.0387 | AO812: {=-8.314*SUMPRODUCT((N812:T812/100)*LN(N812:T812/100+0.000000000001))} -> 2.2763521 | AP812: {=SUMPRODUCT((N812:T812/100)^2)} -> 0.88066119 | AQ812: {=1/SUMPRODUCT((N812:T812/100)^2)} -> 1.1355105 | AR812: Solution ==> Quenching ==> Aging | AS812: =IF(AR812="Solution ==> Quenching ==> Deformation ==> Aging ==> Secondary TMP ==> Secondary Aging",2,IF(AR812="Solution ==> Quenching ==> Deformation ==> Aging",1,IF(AR812="Solution ==> Quenching ==> Aging",0,""))) -> 0 | AT812: 949.85 | AU812: 1 | AV812: 0 | AW812: 449.85 | AX812: 4 | AY812: =AV812%*AW812 -> 0 | AZ812: =AV812%*AX812 -> 0 | BA812: =AW812*AX812 -> 1799.4 | BB812: =AT812-AW812 -> 500 | BC812: N | BD812: 183 | BE812: N/A | BF812: N/A | BG812: 52 | BH812: =IF(OR(BD812="",BG812=""),"",((BD812-AVERAGE($BD$6:$BD$1143))/_xlfn.STDEV.S($BD$6:$BD$1143))-$BJ$1*((AVERAGE($BG$6:$BG$1143)-BG812)/_xlfn.STDEV.S($BG$6:$BG$1143))) -> -0.37081991 | BI812: =SQRT((1-(BD812-MIN($BD$6:$BD$1143))/(MAX($BD$6:$BD$1143)-MIN($BD$6:$BD$1143)))^2+(1-(BG812-MIN($BG$6:$BG$1143))/(MAX($BG$6:$BG$1143)-MIN($BG$6:$BG$1143)))^2) -> 0.79859535
A813: 426 | B813: 10.2320/jinstmet1952.62.4_301 | C813: =_xlfn.XLOOKUP(A813,All!$A:$A,All!$C:$C,"") -> Cu-Ni-Si | D813: 0 | E813: 质量分数 | F813: =100-SUM(G813:L813) -> 95.51 | G813: 0 | H813: 0 | I813: 0 | J813: 3.78 | K813: 0.71 | L813: 0 | M813: 摩尔分数 | N813: {=(F813/$F$4)/SUMPRODUCT($F813:$L813/$F$4:$L$4)*100} -> 94.369063 | O813: {=(G813/$G$4)/SUMPRODUCT($F813:$L813/$F$4:$L$4)*100} -> 0 | P813: {=(H813/$H$4)/SUMPRODUCT($F813:$L813/$F$4:$L$4)*100} -> 0 | Q813: {=(I813/$I$4)/SUMPRODUCT($F813:$L813/$F$4:$L$4)*100} -> 0 | R813: {=(J813/$J$4)/SUMPRODUCT($F813:$L813/$F$4:$L$4)*100} -> 4.0436589 | S813: {=(K813/$K$4)/SUMPRODUCT($F813:$L813/$F$4:$L$4)*100} -> 1.5872778 | T813: {=(L813/$L$4)/SUMPRODUCT($F813:$L813/$F$4:$L$4)*100} -> 0 | U813: =SUM(N813:T813) -> 100 | V813: =IF(K813<>0,J813/(K813),0) -> 5.3239437 | W813: =J813+K813 -> 4.49 | X813: =J813*K813 -> 2.6838 | Y813: =IF(J813+K813<>0,I813/(J813+K813),0) -> 0 | Z813: =IF(J813+K813<>0,L813/(J813+K813),0) -> 0 | AA813: =IF(L813<>0,H813/(L813),0) -> 0 | AB813: =H813+L813 -> 0 | AC813: =H813*L813 -> 0 | AD813: =IF(H813<>0,P813/(H813),0) -> 0 | AE813: =IF(J813+K813<>0,H813/(J813+K813),0) -> 0 | AF813: =IF(H813<>0,(J813+K813)/(H813),0) -> 0 | AG813: =(J813+K813)*H813 -> 0 | AH813: =(100-N813)% -> 0.056309366 | AI813: {=SQRT(SUMPRODUCT(N813:T813/100,(1-($N$4:$T$4/(SUMPRODUCT(N813:T813,$N$4:$T$4)/100)))^2))} -> 0.017612237 | AJ813: {=SUMPRODUCT(N813:T813,$N$3:$T$3)/100} -> 1.9004044 | AK813: {=SUMPRODUCT(N813:T813/100,($N$3:$T$3-(SUMPRODUCT(N813:T813,$N$3:$T$3)/100))^2)} -> 3.8801471e-06 | AL813: {=SUMPRODUCT(N813:T813/100,($N$2:$T$2-(SUMPRODUCT(N813:T813,$N$2:$T$2)/100))^2)} -> 0.7952365 | AM813: {=SUMPRODUCT(N813:T813,$N$2:$T$2)/100} -> 10.848454 | AN813: {=SUMPRODUCT(N813:T813,$N$1:$T$1)/100} -> 1104.8251 | AO813: {=-8.314*SUMPRODUCT((N813:T813/100)*LN(N813:T813/100+0.000000000001))} -> 2.0799804 | AP813: {=SUMPRODUCT((N813:T813/100)^2)} -> 0.89243907 | AQ813: {=1/SUMPRODUCT((N813:T813/100)^2)} -> 1.1205247 | AR813: Solution ==> Quenching ==> Aging | AS813: =IF(AR813="Solution ==> Quenching ==> Deformation ==> Aging ==> Secondary TMP ==> Secondary Aging",2,IF(AR813="Solution ==> Quenching ==> Deformation ==> Aging",1,IF(AR813="Solution ==> Quenching ==> Aging",0,""))) -> 0 | AT813: 949.85 | AU813: 1 | AV813: 0 | AW813: 499.85 | AX813: 8 | AY813: =AV813%*AW813 -> 0 | AZ813: =AV813%*AX813 -> 0 | BA813: =AW813*AX813 -> 3998.8 | BB813: =AT813-AW813 -> 450 | BC813: N | BD813: 134 | BE813: N/A | BF813: N/A | BG813: 51 | BH813: =IF(OR(BD813="",BG813=""),"",((BD813-AVERAGE($BD$6:$BD$1143))/_xlfn.STDEV.S($BD$6:$BD$1143))-$BJ$1*((AVERAGE($BG$6:$BG$1143)-BG813)/_xlfn.STDEV.S($BG$6:$BG$1143))) -> -1.0010052 | BI813: =SQRT((1-(BD813-MIN($BD$6:$BD$1143))/(MAX($BD$6:$BD$1143)-MIN($BD$6:$BD$1143)))^2+(1-(BG813-MIN($BG$6:$BG$1143))/(MAX($BG$6:$BG$1143)-MIN($BG$6:$BG$1143)))^2) -> 0.92746684
A814: 374 | B814: https://www.ams.org.cn/EN/10.11900/0412.1961.2019.00080 | C814: =_xlfn.XLOOKUP(A814,All!$A:$A,All!$C:$C,"") -> Cu-Ni-Si | D814: 0 | E814: 质量分数 | F814: =100-SUM(G814:L814) -> 96.1 | G814: 0 | H814: 0 | I814: 0 | J814: 3.1 | K814: 0.8 | L814: 0 | M814: 摩尔分数 | N814: {=(F814/$F$4)/SUMPRODUCT($F814:$L814/$F$4:$L$4)*100} -> 94.898184 | O814: {=(G814/$G$4)/SUMPRODUCT($F814:$L814/$F$4:$L$4)*100} -> 0 | P814: {=(H814/$H$4)/SUMPRODUCT($F814:$L814/$F$4:$L$4)*100} -> 0 | Q814: {=(I814/$I$4)/SUMPRODUCT($F814:$L814/$F$4:$L$4)*100} -> 0 | R814: {=(J814/$J$4)/SUMPRODUCT($F814:$L814/$F$4:$L$4)*100} -> 3.3143481 | S814: {=(K814/$K$4)/SUMPRODUCT($F814:$L814/$F$4:$L$4)*100} -> 1.7874681 | T814: {=(L814/$L$4)/SUMPRODUCT($F814:$L814/$F$4:$L$4)*100} -> 0 | U814: =SUM(N814:T814) -> 100 | V814: =IF(K814<>0,J814/(K814),0) -> 3.875 | W814: =J814+K814 -> 3.9 | X814: =J814*K814 -> 2.48 | Y814: =IF(J814+K814<>0,I814/(J814+K814),0) -> 0 | Z814: =IF(J814+K814<>0,L814/(J814+K814),0) -> 0 | AA814: =IF(L814<>0,H814/(L814),0) -> 0 | AB814: =H814+L814 -> 0 | AC814: =H814*L814 -> 0 | AD814: =IF(H814<>0,P814/(H814),0) -> 0 | AE814: =IF(J814+K814<>0,H814/(J814+K814),0) -> 0 | AF814: =IF(H814<>0,(J814+K814)/(H814),0) -> 0 | AG814: =(J814+K814)*H814 -> 0 | AH814: =(100-N814)% -> 0.051018161 | AI814: {=SQRT(SUMPRODUCT(N814:T814/100,(1-($N$4:$T$4/(SUMPRODUCT(N814:T814,$N$4:$T$4)/100)))^2))} -> 0.018393972 | AJ814: {=SUMPRODUCT(N814:T814,$N$3:$T$3)/100} -> 1.9003314 | AK814: {=SUMPRODUCT(N814:T814/100,($N$3:$T$3-(SUMPRODUCT(N814:T814,$N$3:$T$3)/100))^2)} -> 3.204499e-06 | AL814: {=SUMPRODUCT(N814:T814/100,($N$2:$T$2-(SUMPRODUCT(N814:T814,$N$2:$T$2)/100))^2)} -> 0.88395463 | AM814: {=SUMPRODUCT(N814:T814,$N$2:$T$2)/100} -> 10.841734 | AN814: {=SUMPRODUCT(N814:T814,$N$1:$T$1)/100} -> 1102.7832 | AO814: {=-8.314*SUMPRODUCT((N814:T814/100)*LN(N814:T814/100+0.000000000001))} -> 1.9500086 | AP814: {=SUMPRODUCT((N814:T814/100)^2)} -> 0.90198452 | AQ814: {=1/SUMPRODUCT((N814:T814/100)^2)} -> 1.1086665 | AR814: Solution ==> Quenching ==> Aging | AS814: =IF(AR814="Solution ==> Quenching ==> Deformation ==> Aging ==> Secondary TMP ==> Secondary Aging",2,IF(AR814="Solution ==> Quenching ==> Deformation ==> Aging",1,IF(AR814="Solution ==> Quenching ==> Aging",0,""))) -> 0 | AT814: 949.85 | AU814: 1 | AV814: 0 | AW814: 449.85 | AX814: 4 | AY814: =AV814%*AW814 -> 0 | AZ814: =AV814%*AX814 -> 0 | BA814: =AW814*AX814 -> 1799.4 | BB814: =AT814-AW814 -> 500 | BC814: N | BD814: 161 | BE814: N/A | BF814: N/A | BG814: 51 | BH814: =IF(OR(BD814="",BG814=""),"",((BD814-AVERAGE($BD$6:$BD$1143))/_xlfn.STDEV.S($BD$6:$BD$1143))-$BJ$1*((AVERAGE($BG$6:$BG$1143)-BG814)/_xlfn.STDEV.S($BG$6:$BG$1143))) -> -0.65376026 | BI814: =SQRT((1-(BD814-MIN($BD$6:$BD$1143))/(MAX($BD$6:$BD$1143)-MIN($BD$6:$BD$1143)))^2+(1-(BG814-MIN($BG$6:$BG$1143))/(MAX($BG$6:$BG$1143)-MIN($BG$6:$BG$1143)))^2) -> 0.85965707
A815: 231 | B815: 10.2320/jinstmet1952.62.4_301 | C815: =_xlfn.XLOOKUP(A815,All!$A:$A,All!$C:$C,"") -> Cu-Ni-Si | D815: 0 | E815: 质量分数 | F815: =100-SUM(G815:L815) -> 97.12 | G815: 0 | H815: 0 | I815: 0 | J815: 2.32 | K815: 0.56 | L815: 0 | M815: 摩尔分数 | N815: {=(F815/$F$4)/SUMPRODUCT($F815:$L815/$F$4:$L$4)*100} -> 96.254764 | O815: {=(G815/$G$4)/SUMPRODUCT($F815:$L815/$F$4:$L$4)*100} -> 0 | P815: {=(H815/$H$4)/SUMPRODUCT($F815:$L815/$F$4:$L$4)*100} -> 0 | Q815: {=(I815/$I$4)/SUMPRODUCT($F815:$L815/$F$4:$L$4)*100} -> 0 | R815: {=(J815/$J$4)/SUMPRODUCT($F815:$L815/$F$4:$L$4)*100} -> 2.4894503 | S815: {=(K815/$K$4)/SUMPRODUCT($F815:$L815/$F$4:$L$4)*100} -> 1.2557853 | T815: {=(L815/$L$4)/SUMPRODUCT($F815:$L815/$F$4:$L$4)*100} -> 0 | U815: =SUM(N815:T815) -> 100 | V815: =IF(K815<>0,J815/(K815),0) -> 4.1428571 | W815: =J815+K815 -> 2.88 | X815: =J815*K815 -> 1.2992 | Y815: =IF(J815+K815<>0,I815/(J815+K815),0) -> 0 | Z815: =IF(J815+K815<>0,L815/(J815+K815),0) -> 0 | AA815: =IF(L815<>0,H815/(L815),0) -> 0 | AB815: =H815+L815 -> 0 | AC815: =H815*L815 -> 0 | AD815: =IF(H815<>0,P815/(H815),0) -> 0 | AE815: =IF(J815+K815<>0,H815/(J815+K815),0) -> 0 | AF815: =IF(H815<>0,(J815+K815)/(H815),0) -> 0 | AG815: =(J815+K815)*H815 -> 0 | AH815: =(100-N815)% -> 0.037452355 | AI815: {=SQRT(SUMPRODUCT(N815:T815/100,(1-($N$4:$T$4/(SUMPRODUCT(N815:T815,$N$4:$T$4)/100)))^2))} -> 0.01552471 | AJ815: {=SUMPRODUCT(N815:T815,$N$3:$T$3)/100} -> 1.9002489 | AK815: {=SUMPRODUCT(N815:T815/100,($N$3:$T$3-(SUMPRODUCT(N815:T815,$N$3:$T$3)/100))^2)} -> 2.4274767e-06 | AL815: {=SUMPRODUCT(N815:T815/100,($N$2:$T$2-(SUMPRODUCT(N815:T815,$N$2:$T$2)/100))^2)} -> 0.62750556 | AM815: {=SUMPRODUCT(N815:T815,$N$2:$T$2)/100} -> 10.887201 | AN815: {=SUMPRODUCT(N815:T815,$N$1:$T$1)/100} -> 1097.9767 | AO815: {=-8.314*SUMPRODUCT((N815:T815/100)*LN(N815:T815/100+0.000000000001))} -> 1.5268748 | AP815: {=SUMPRODUCT((N815:T815/100)^2)} -> 0.9272754 | AQ815: {=1/SUMPRODUCT((N815:T815/100)^2)} -> 1.0784283 | AR815: Solution ==> Quenching ==> Aging | AS815: =IF(AR815="Solution ==> Quenching ==> Deformation ==> Aging ==> Secondary TMP ==> Secondary Aging",2,IF(AR815="Solution ==> Quenching ==> Deformation ==> Aging",1,IF(AR815="Solution ==> Quenching ==> Aging",0,""))) -> 0 | AT815: 949.85 | AU815: 1 | AV815: 0 | AW815: 499.85 | AX815: 0.083333333 | AY815: =AV815%*AW815 -> 0 | AZ815: =AV815%*AX815 -> 0 | BA815: =AW815*AX815 -> 41.654167 | BB815: =AT815-AW815 -> 450 | BC815: N | BD815: 164 | BE815: N/A | BF815: N/A | BG815: 51 | BH815: =IF(OR(BD815="",BG815=""),"",((BD815-AVERAGE($BD$6:$BD$1143))/_xlfn.STDEV.S($BD$6:$BD$1143))-$BJ$1*((AVERAGE($BG$6:$BG$1143)-BG815)/_xlfn.STDEV.S($BG$6:$BG$1143))) -> -0.61517749 | BI815: =SQRT((1-(BD815-MIN($BD$6:$BD$1143))/(MAX($BD$6:$BD$1143)-MIN($BD$6:$BD$1143)))^2+(1-(BG815-MIN($BG$6:$BG$1143))/(MAX($BG$6:$BG$1143)-MIN($BG$6:$BG$1143)))^2) -> 0.85228644
A816: 446 | B816: 10.2320/jinstmet1952.62.4_301 | C816: =_xlfn.XLOOKUP(A816,All!$A:$A,All!$C:$C,"") -> Cu-Ni-Si | D816: 0 | E816: 质量分数 | F816: =100-SUM(G816:L816) -> 97.24 | G816: 0 | H816: 0 | I816: 0 | J816: 2.31 | K816: 0.45 | L816: 0 | M816: 摩尔分数 | N816: {=(F816/$F$4)/SUMPRODUCT($F816:$L816/$F$4:$L$4)*100} -> 96.507331 | O816: {=(G816/$G$4)/SUMPRODUCT($F816:$L816/$F$4:$L$4)*100} -> 0 | P816: {=(H816/$H$4)/SUMPRODUCT($F816:$L816/$F$4:$L$4)*100} -> 0 | Q816: {=(I816/$I$4)/SUMPRODUCT($F816:$L816/$F$4:$L$4)*100} -> 0 | R816: {=(J816/$J$4)/SUMPRODUCT($F816:$L816/$F$4:$L$4)*100} -> 2.482157 | S816: {=(K816/$K$4)/SUMPRODUCT($F816:$L816/$F$4:$L$4)*100} -> 1.0105124 | T816: {=(L816/$L$4)/SUMPRODUCT($F816:$L816/$F$4:$L$4)*100} -> 0 | U816: =SUM(N816:T816) -> 100 | V816: =IF(K816<>0,J816/(K816),0) -> 5.1333333 | W816: =J816+K816 -> 2.76 | X816: =J816*K816 -> 1.0395 | Y816: =IF(J816+K816<>0,I816/(J816+K816),0) -> 0 | Z816: =IF(J816+K816<>0,L816/(J816+K816),0) -> 0 | AA816: =IF(L816<>0,H816/(L816),0) -> 0 | AB816: =H816+L816 -> 0 | AC816: =H816*L816 -> 0 | AD816: =IF(H816<>0,P816/(H816),0) -> 0 | AE816: =IF(J816+K816<>0,H816/(J816+K816),0) -> 0 | AF816: =IF(H816<>0,(J816+K816)/(H816),0) -> 0 | AG816: =(J816+K816)*H816 -> 0 | AH816: =(100-N816)% -> 0.034926694 | AI816: {=SQRT(SUMPRODUCT(N816:T816/100,(1-($N$4:$T$4/(SUMPRODUCT(N816:T816,$N$4:$T$4)/100)))^2))} -> 0.014101139 | AJ816: {=SUMPRODUCT(N816:T816,$N$3:$T$3)/100} -> 1.9002482 | AK816: {=SUMPRODUCT(N816:T816/100,($N$3:$T$3-(SUMPRODUCT(N816:T816,$N$3:$T$3)/100))^2)} -> 2.4205459e-06 | AL816: {=SUMPRODUCT(N816:T816/100,($N$2:$T$2-(SUMPRODUCT(N816:T816,$N$2:$T$2)/100))^2)} -> 0.51084143 | AM816: {=SUMPRODUCT(N816:T816,$N$2:$T$2)/100} -> 10.904443 | AN816: {=SUMPRODUCT(N816:T816,$N$1:$T$1)/100} -> 1097.1418 | AO816: {=-8.314*SUMPRODUCT((N816:T816/100)*LN(N816:T816/100+0.000000000001))} -> 1.434009 | AP816: {=SUMPRODUCT((N816:T816/100)^2)} -> 0.93208471 | AQ816: {=1/SUMPRODUCT((N816:T816/100)^2)} -> 1.0728639 | AR816: Solution ==> Quenching ==> Aging | AS816: =IF(AR816="Solution ==> Quenching ==> Deformation ==> Aging ==> Secondary TMP ==> Secondary Aging",2,IF(AR816="Solution ==> Quenching ==> Deformation ==> Aging",1,IF(AR816="Solution ==> Quenching ==> Aging",0,""))) -> 0 | AT816: 949.85 | AU816: 1 | AV816: 0 | AW816: 499.85 | AX816: 22 | AY816: =AV816%*AW816 -> 0 | AZ816: =AV816%*AX816 -> 0 | BA816: =AW816*AX816 -> 10996.7 | BB816: =AT816-AW816 -> 450 | BC816: N | BD816: 172 | BE816: N/A | BF816: N/A | BG816: 51 | BH816: =IF(OR(BD816="",BG816=""),"",((BD816-AVERAGE($BD$6:$BD$1143))/_xlfn.STDEV.S($BD$6:$BD$1143))-$BJ$1*((AVERAGE($BG$6:$BG$1143)-BG816)/_xlfn.STDEV.S($BG$6:$BG$1143))) -> -0.51229009 | BI816: =SQRT((1-(BD816-MIN($BD$6:$BD$1143))/(MAX($BD$6:$BD$1143)-MIN($BD$6:$BD$1143)))^2+(1-(BG816-MIN($BG$6:$BG$1143))/(MAX($BG$6:$BG$1143)-MIN($BG$6:$BG$1143)))^2) -> 0.83280969
... A1143: 481 | B1143: 10.1016/j.msea.2016.07.021 | C1143: =_xlfn.XLOOKUP(A1143,All!$A:$A,All!$C:$C,"") -> Cu-Ni-Si-Zr | D1143: 0 | E1143: 质量分数 | F1143: =100-SUM(G1143:L1143) -> 97.5 | G1143: 0 | H1143: 0 | I1143: 0 | J1143: 1.87 | K1143: 0.47 | L1143: 0.16 | M1143: 摩尔分数 | N1143: {=(F1143/$F$4)/SUMPRODUCT($F1143:$L1143/$F$4:$L$4)*100} -> 96.822714 | O1143: {=(G1143/$G$4)/SUMPRODUCT($F1143:$L1143/$F$4:$L$4)*100} -> 0 | P1143: {=(H1143/$H$4)/SUMPRODUCT($F1143:$L1143/$F$4:$L$4)*100} -> 0 | Q1143: {=(I1143/$I$4)/SUMPRODUCT($F1143:$L1143/$F$4:$L$4)*100} -> 0 | R1143: {=(J1143/$J$4)/SUMPRODUCT($F1143:$L1143/$F$4:$L$4)*100} -> 2.0105559 | S1143: {=(K1143/$K$4)/SUMPRODUCT($F1143:$L1143/$F$4:$L$4)*100} -> 1.0560495 | T1143: {=(L1143/$L$4)/SUMPRODUCT($F1143:$L1143/$F$4:$L$4)*100} -> 0.11068066 | U1143: =SUM(N1143:T1143) -> 100 | V1143: =IF(K1143<>0,J1143/(K1143),0) -> 3.9787234 | W1143: =J1143+K1143 -> 2.34 | X1143: =J1143*K1143 -> 0.8789 | Y1143: =IF(J1143+K1143<>0,I1143/(J1143+K1143),0) -> 0 | Z1143: =IF(J1143+K1143<>0,L1143/(J1143+K1143),0) -> 0.068376068 | AA1143: =IF(L1143<>0,H1143/(L1143),0) -> 0 | AB1143: =H1143+L1143 -> 0.16 | AC1143: =H1143*L1143 -> 0 | AD1143: =IF(H1143<>0,P1143/(H1143),0) -> 0 | AE1143: =IF(J1143+K1143<>0,H1143/(J1143+K1143),0) -> 0 | AF1143: =IF(H1143<>0,(J1143+K1143)/(H1143),0) -> 0 | AG1143: =(J1143+K1143)*H1143 -> 0 | AH1143: =(100-N1143)% -> 0.031772861 | AI1143: {=SQRT(SUMPRODUCT(N1143:T1143/100,(1-($N$4:$T$4/(SUMPRODUCT(N1143:T1143,$N$4:$T$4)/100)))^2))} -> 0.016521736 | AJ1143: {=SUMPRODUCT(N1143:T1143,$N$3:$T$3)/100} -> 1.8995702 | AK1143: {=SUMPRODUCT(N1143:T1143/100,($N$3:$T$3-(SUMPRODUCT(N1143:T1143,$N$3:$T$3)/100))^2)} -> 0.00036142726 | AL1143: {=SUMPRODUCT(N1143:T1143/100,($N$2:$T$2-(SUMPRODUCT(N1143:T1143,$N$2:$T$2)/100))^2)} -> 0.58144486 | AM1143: {=SUMPRODUCT(N1143:T1143,$N$2:$T$2)/100} -> 10.898223 | AN1143: {=SUMPRODUCT(N1143:T1143,$N$1:$T$1)/100} -> 1096.3978 | AO1143: {=-8.314*SUMPRODUCT((N1143:T1143/100)*LN(N1143:T1143/100+0.000000000001))} -> 1.3751392 | AP1143: {=SUMPRODUCT((N1143:T1143/100)^2)} -> 0.93798078 | AQ1143: {=1/SUMPRODUCT((N1143:T1143/100)^2)} -> 1.0661199 | AR1143: Solution ==> Quenching ==> Deformation ==> Aging | AS1143: =IF(AR1143="Solution ==> Quenching ==> Deformation ==> Aging ==> Secondary TMP ==> Secondary Aging",2,IF(AR1143="Solution ==> Quenching ==> Deformation ==> Aging",1,IF(AR1143="Solution ==> Quenching ==> Aging",0,""))) -> 1 | AT1143: 959.85 | AU1143: 1 | AV1143: 60 | AW1143: 349.85 | AX1143: 1 | AY1143: =AV1143%*AW1143 -> 209.91 | AZ1143: =AV1143%*AX1143 -> 0.6 | BA1143: =AW1143*AX1143 -> 349.85 | BB1143: =AT1143-AW1143 -> 610 | BC1143: N | BD1143: 174 | BE1143: N/A | BF1143: N/A | BG1143: 26 | BH1143: =IF(OR(BD1143="",BG1143=""),"",((BD1143-AVERAGE($BD$6:$BD$1143))/_xlfn.STDEV.S($BD$6:$BD$1143))-$BJ$1*((AVERAGE($BG$6:$BG$1143)-BG1143)/_xlfn.STDEV.S($BG$6:$BG$1143))) -> -0.48656824 | BI1143: =SQRT((1-(BD1143-MIN($BD$6:$BD$1143))/(MAX($BD$6:$BD$1143)-MIN($BD$6:$BD$1143)))^2+(1-(BG1143-MIN($BG$6:$BG$1143))/(MAX($BG$6:$BG$1143)-MIN($BG$6:$BG$1143)))^2) -> 1.0504874

Sheet Hardness-EC (2)
A1: ID | B1: DOI | C1: Alloy-Series | D1: Family | E1: 元素名称 | F1: Cu/wt.% | G1: Al/wt.% | H1: Cr/wt.% | I1: Mg/wt.% | J1: Ni/wt.% | K1: Si/wt.% | L1: Zr/wt.% | M1: Processing_route | N1: One-Hot-Processing | O1: Solution_Temperature/℃ | P1: Solution_Time/h | Q1: CR_Reduction/% | R1: Aging_Temperature/℃ | S1: Aging_Time/h | T1: Hardness/HV | U1: YS | V1: UTS | W1: EC/%IACS | X1: Q3 | Y1: Q3-Euclidean
A2: 1173 | B2: 10.1016/j.jallcom.2016.11.137 | C2: =_xlfn.XLOOKUP(A2,All!$A:$A,All!$C:$C,"") -> Cu-Al-Cr-Mg-Ni-Si | D2: 2 | E2: 质量分数 | F2: =100-SUM(G2:L2) -> 92.25 | G2: 0.5 | H2: 0.1 | I2: 0.15 | J2: 6 | K2: 1 | L2: 0 | M2: Solution ==> Quenching ==> Deformation ==> Aging ==> Secondary TMP ==> Secondary Aging | N2: =IF(M2="Solution ==> Quenching ==> Deformation ==> Aging ==> Secondary TMP ==> Secondary Aging",2,IF(M2="Solution ==> Quenching ==> Deformation ==> Aging",1,IF(M2="Solution ==> Quenching ==> Aging",0,""))) -> 2 | O2: 979.85 | P2: 4 | Q2: 50 | R2: 399.85 | S2: 8 | T2: 166 | U2: N/A | V2: N/A | W2: 64 | X2: =IF(OR(T2="",W2=""),"",((T2-AVERAGE($T$2:$T$1139))/_xlfn.STDEV.S($T$2:$T$1139))-#REF!*((AVERAGE($W$2:$W$1139)-W2)/_xlfn.STDEV.S($W$2:$W$1139))) -> #REF! | Y2: =SQRT((1-(T2-MIN($T$2:$T$1139))/(MAX($T$2:$T$1139)-MIN($T$2:$T$1139)))^2+(1-(W2-MIN($W$2:$W$1139))/(MAX($W$2:$W$1139)-MIN($W$2:$W$1139)))^2) -> 0.76020916
A3: 1178 | B3: 10.1016/j.jallcom.2016.11.137 | C3: =_xlfn.XLOOKUP(A3,All!$A:$A,All!$C:$C,"") -> Cu-Al-Cr-Mg-Ni-Si | D3: 2 | E3: 质量分数 | F3: =100-SUM(G3:L3) -> 92.25 | G3: 0.5 | H3: 0.1 | I3: 0.15 | J3: 6 | K3: 1 | L3: 0 | M3: Solution ==> Quenching ==> Deformation ==> Aging ==> Secondary TMP ==> Secondary Aging | N3: =IF(M3="Solution ==> Quenching ==> Deformation ==> Aging ==> Secondary TMP ==> Secondary Aging",2,IF(M3="Solution ==> Quenching ==> Deformation ==> Aging",1,IF(M3="Solution ==> Quenching ==> Aging",0,""))) -> 2 | O3: 979.85 | P3: 4 | Q3: 50 | R3: 449.85 | S3: 8 | T3: 145 | U3: N/A | V3: N/A | W3: 63 | X3: =IF(OR(T3="",W3=""),"",((T3-AVERAGE($T$2:$T$1139))/_xlfn.STDEV.S($T$2:$T$1139))-#REF!*((AVERAGE($W$2:$W$1139)-W3)/_xlfn.STDEV.S($W$2:$W$1139))) -> #REF! | Y3: =SQRT((1-(T3-MIN($T$2:$T$1139))/(MAX($T$2:$T$1139)-MIN($T$2:$T$1139)))^2+(1-(W3-MIN($W$2:$W$1139))/(MAX($W$2:$W$1139)-MIN($W$2:$W$1139)))^2) -> 0.82335729
A4: 1177 | B4: 10.1016/j.jallcom.2016.11.137 | C4: =_xlfn.XLOOKUP(A4,All!$A:$A,All!$C:$C,"") -> Cu-Al-Cr-Mg-Ni-Si | D4: 2 | E4: 质量分数 | F4: =100-SUM(G4:L4) -> 92.25 | G4: 0.5 | H4: 0.1 | I4: 0.15 | J4: 6 | K4: 1 | L4: 0 | M4: Solution ==> Quenching ==> Deformation ==> Aging ==> Secondary TMP ==> Secondary Aging | N4: =IF(M4="Solution ==> Quenching ==> Deformation ==> Aging ==> Secondary TMP ==> Secondary Aging",2,IF(M4="Solution ==> Quenching ==> Deformation ==> Aging",1,IF(M4="Solution ==> Quenching ==> Aging",0,""))) -> 2 | O4: 979.85 | P4: 4 | Q4: 50 | R4: 399.85 | S4: 8 | T4: 184 | U4: N/A | V4: N/A | W4: 63 | X4: =IF(OR(T4="",W4=""),"",((T4-AVERAGE($T$2:$T$1139))/_xlfn.STDEV.S($T$2:$T$1139))-#REF!*((AVERAGE($W$2:$W$1139)-W4)/_xlfn.STDEV.S($W$2:$W$1139))) -> #REF! | Y4: =SQRT((1-(T4-MIN($T$2:$T$1139))/(MAX($T$2:$T$1139)-MIN($T$2:$T$1139)))^2+(1-(W4-MIN($W$2:$W$1139))/(MAX($W$2:$W$1139)-MIN($W$2:$W$1139)))^2) -> 0.71787878
A5: 1174 | B5: 10.1016/j.jallcom.2016.11.137 | C5: =_xlfn.XLOOKUP(A5,All!$A:$A,All!$C:$C,"") -> Cu-Al-Cr-Mg-Ni-Si | D5: 2 | E5: 质量分数 | F5: =100-SUM(G5:L5) -> 92.25 | G5: 0.5 | H5: 0.1 | I5: 0.15 | J5: 6 | K5: 1 | L5: 0 | M5: Solution ==> Quenching ==> Deformation ==> Aging ==> Secondary TMP ==> Secondary Aging | N5: =IF(M5="Solution ==> Quenching ==> Deformation ==> Aging ==> Secondary TMP ==> Secondary Aging",2,IF(M5="Solution ==> Quenching ==> Deformation ==> Aging",1,IF(M5="Solution ==> Quenching ==> Aging",0,""))) -> 2 | O5: 979.85 | P5: 4 | Q5: 50 | R5: 449.85 | S5: 8 | T5: 148 | U5: N/A | V5: N/A | W5: 62 | X5: =IF(OR(T5="",W5=""),"",((T5-AVERAGE($T$2:$T$1139))/_xlfn.STDEV.S($T$2:$T$1139))-#REF!*((AVERAGE($W$2:$W$1139)-W5)/_xlfn.STDEV.S($W$2:$W$1139))) -> #REF! | Y5: =SQRT((1-(T5-MIN($T$2:$T$1139))/(MAX($T$2:$T$1139)-MIN($T$2:$T$1139)))^2+(1-(W5-MIN($W$2:$W$1139))/(MAX($W$2:$W$1139)-MIN($W$2:$W$1139)))^2) -> 0.82074026
A6: 1150 | B6: 10.1016/j.jallcom.2016.11.137 | C6: =_xlfn.XLOOKUP(A6,All!$A:$A,All!$C:$C,"") -> Cu-Al-Cr-Mg-Ni-Si | D6: 2 | E6: 质量分数 | F6: =100-SUM(G6:L6) -> 92.25 | G6: 0.5 | H6: 0.1 | I6: 0.15 | J6: 6 | K6: 1 | L6: 0 | M6: Solution ==> Quenching ==> Deformation ==> Aging ==> Secondary TMP ==> Secondary Aging | N6: =IF(M6="Solution ==> Quenching ==> Deformation ==> Aging ==> Secondary TMP ==> Secondary Aging",2,IF(M6="Solution ==> Quenching ==> Deformation ==> Aging",1,IF(M6="Solution ==> Quenching ==> Aging",0,""))) -> 2 | O6: 979.85 | P6: 4 | Q6: 50 | R6: 449.85 | S6: 6 | T6: 149 | U6: N/A | V6: N/A | W6: 62 | X6: =IF(OR(T6="",W6=""),"",((T6-AVERAGE($T$2:$T$1139))/_xlfn.STDEV.S($T$2:$T$1139))-#REF!*((AVERAGE($W$2:$W$1139)-W6)/_xlfn.STDEV.S($W$2:$W$1139))) -> #REF! | Y6: =SQRT((1-(T6-MIN($T$2:$T$1139))/(MAX($T$2:$T$1139)-MIN($T$2:$T$1139)))^2+(1-(W6-MIN($W$2:$W$1139))/(MAX($W$2:$W$1139)-MIN($W$2:$W$1139)))^2) -> 0.81801288
A7: 1122 | B7: 10.1016/j.jallcom.2016.11.137 | C7: =_xlfn.XLOOKUP(A7,All!$A:$A,All!$C:$C,"") -> Cu-Al-Cr-Mg-Ni-Si | D7: 2 | E7: 质量分数 | F7: =100-SUM(G7:L7) -> 92.25 | G7: 0.5 | H7: 0.1 | I7: 0.15 | J7: 6 | K7: 1 | L7: 0 | M7: Solution ==> Quenching ==> Deformation ==> Aging ==> Secondary TMP ==> Secondary Aging | N7: =IF(M7="Solution ==> Quenching ==> Deformation ==> Aging ==> Secondary TMP ==> Secondary Aging",2,IF(M7="Solution ==> Quenching ==> Deformation ==> Aging",1,IF(M7="Solution ==> Quenching ==> Aging",0,""))) -> 2 | O7: 979.85 | P7: 4 | Q7: 50 | R7: 449.85 | S7: 5 | T7: 154 | U7: N/A | V7: N/A | W7: 62 | X7: =IF(OR(T7="",W7=""),"",((T7-AVERAGE($T$2:$T$1139))/_xlfn.STDEV.S($T$2:$T$1139))-#REF!*((AVERAGE($W$2:$W$1139)-W7)/_xlfn.STDEV.S($W$2:$W$1139))) -> #REF! | Y7: =SQRT((1-(T7-MIN($T$2:$T$1139))/(MAX($T$2:$T$1139)-MIN($T$2:$T$1139)))^2+(1-(W7-MIN($W$2:$W$1139))/(MAX($W$2:$W$1139)-MIN($W$2:$W$1139)))^2) -> 0.80441276
A8: 1145 | B8: 10.1016/j.jallcom.2016.11.137 | C8: =_xlfn.XLOOKUP(A8,All!$A:$A,All!$C:$C,"") -> Cu-Al-Cr-Mg-Ni-Si | D8: 2 | E8: 质量分数 | F8: =100-SUM(G8:L8) -> 92.25 | G8: 0.5 | H8: 0.1 | I8: 0.15 | J8: 6 | K8: 1 | L8: 0 | M8: Solution ==> Quenching ==> Deformation ==> Aging ==> Secondary TMP ==> Secondary Aging | N8: =IF(M8="Solution ==> Quenching ==> Deformation ==> Aging ==> Secondary TMP ==> Secondary Aging",2,IF(M8="Solution ==> Quenching ==> Deformation ==> Aging",1,IF(M8="Solution ==> Quenching ==> Aging",0,""))) -> 2 | O8: 979.85 | P8: 4 | Q8: 50 | R8: 399.85 | S8: 6 | T8: 168 | U8: N/A | V8: N/A | W8: 62 | X8: =IF(OR(T8="",W8=""),"",((T8-AVERAGE($T$2:$T$1139))/_xlfn.STDEV.S($T$2:$T$1139))-#REF!*((AVERAGE($W$2:$W$1139)-W8)/_xlfn.STDEV.S($W$2:$W$1139))) -> #REF! | Y8: =SQRT((1-(T8-MIN($T$2:$T$1139))/(MAX($T$2:$T$1139)-MIN($T$2:$T$1139)))^2+(1-(W8-MIN($W$2:$W$1139))/(MAX($W$2:$W$1139)-MIN($W$2:$W$1139)))^2) -> 0.76668134
A9: 1117 | B9: 10.1016/j.jallcom.2016.11.137 | C9: =_xlfn.XLOOKUP(A9,All!$A:$A,All!$C:$C,"") -> Cu-Al-Cr-Mg-Ni-Si | D9: 2 | E9: 质量分数 | F9: =100-SUM(G9:L9) -> 92.25 | G9: 0.5 | H9: 0.1 | I9: 0.15 | J9: 6 | K9: 1 | L9: 0 | M9: Solution ==> Quenching ==> Deformation ==> Aging ==> Secondary TMP ==> Secondary Aging | N9: =IF(M9="Solution ==> Quenching ==> Deformation ==> Aging ==> Secondary TMP ==> Secondary Aging",2,IF(M9="Solution ==> Quenching ==> Deformation ==> Aging",1,IF(M9="Solution ==> Quenching ==> Aging",0,""))) -> 2 | O9: 979.85 | P9: 4 | Q9: 50 | R9: 399.85 | S9: 5 | T9: 175 | U9: N/A | V9: N/A | W9: 62 | X9: =IF(OR(T9="",W9=""),"",((T9-AVERAGE($T$2:$T$1139))/_xlfn.STDEV.S($T$2:$T$1139))-#REF!*((AVERAGE($W$2:$W$1139)-W9)/_xlfn.STDEV.S($W$2:$W$1139))) -> #REF! | Y9: =SQRT((1-(T9-MIN($T$2:$T$1139))/(MAX($T$2:$T$1139)-MIN($T$2:$T$1139)))^2+(1-(W9-MIN($W$2:$W$1139))/(MAX($W$2:$W$1139)-MIN($W$2:$W$1139)))^2) -> 0.74802651
A10: 1170 | B10: 10.1016/j.jallcom.2016.11.137 | C10: =_xlfn.XLOOKUP(A10,All!$A:$A,All!$C:$C,"") -> Cu-Al-Cr-Mg-Ni-Si | D10: 2 | E10: 质量分数 | F10: =100-SUM(G10:L10) -> 92.25 | G10: 0.5 | H10: 0.1 | I10: 0.15 | J10: 6 | K10: 1 | L10: 0 | M10: Solution ==> Quenching ==> Deformation ==> Aging ==> Secondary TMP ==> Secondary Aging | N10: =IF(M10="Solution ==> Quenching ==> Deformation ==> Aging ==> Secondary TMP ==> Secondary Aging",2,IF(M10="Solution ==> Quenching ==> Deformation ==> Aging",1,IF(M10="Solution ==> Quenching ==> Aging",0,""))) -> 2 | O10: 979.85 | P10: 4 | Q10: 50 | R10: 449.85 | S10: 8 | T10: 148 | U10: N/A | V10: N/A | W10: 61 | X10: =IF(OR(T10="",W10=""),"",((T10-AVERAGE($T$2:$T$1139))/_xlfn.STDEV.S($T$2:$T$1139))-#REF!*((AVERAGE($W$2:$W$1139)-W10)/_xlfn.STDEV.S($W$2:$W$1139))) -> #REF! | Y10: =SQRT((1-(T10-MIN($T$2:$T$1139))/(MAX($T$2:$T$1139)-MIN($T$2:$T$1139)))^2+(1-(W10-MIN($W$2:$W$1139))/(MAX($W$2:$W$1139)-MIN($W$2:$W$1139)))^2) -> 0.82652636
A11: 1146 | B11: 10.1016/j.jallcom.2016.11.137 | C11: =_xlfn.XLOOKUP(A11,All!$A:$A,All!$C:$C,"") -> Cu-Al-Cr-Mg-Ni-Si | D11: 2 | E11: 质量分数 | F11: =100-SUM(G11:L11) -> 92.25 | G11: 0.5 | H11: 0.1 | I11: 0.15 | J11: 6 | K11: 1 | L11: 0 | M11: Solution ==> Quenching ==> Deformation ==> Aging ==> Secondary TMP ==> Secondary Aging | N11: =IF(M11="Solution ==> Quenching ==> Deformation ==> Aging ==> Secondary TMP ==> Secondary Aging",2,IF(M11="Solution ==> Quenching ==> Deformation ==> Aging",1,IF(M11="Solution ==> Quenching ==> Aging",0,""))) -> 2 | O11: 979.85 | P11: 4 | Q11: 50 | R11: 449.85 | S11: 6 | T11: 150 | U11: N/A | V11: N/A | W11: 61 | X11: =IF(OR(T11="",W11=""),"",((T11-AVERAGE($T$2:$T$1139))/_xlfn.STDEV.S($T$2:$T$1139))-#REF!*((AVERAGE($W$2:$W$1139)-W11)/_xlfn.STDEV.S($W$2:$W$1139))) -> #REF! | Y11: =SQRT((1-(T11-MIN($T$2:$T$1139))/(MAX($T$2:$T$1139)-MIN($T$2:$T$1139)))^2+(1-(W11-MIN($W$2:$W$1139))/(MAX($W$2:$W$1139)-MIN($W$2:$W$1139)))^2) -> 0.82111245
A12: 1091 | B12: 10.1016/j.jallcom.2016.11.137 | C12: =_xlfn.XLOOKUP(A12,All!$A:$A,All!$C:$C,"") -> Cu-Al-Cr-Mg-Ni-Si | D12: 2 | E12: 质量分数 | F12: =100-SUM(G12:L12) -> 92.25 | G12: 0.5 | H12: 0.1 | I12: 0.15 | J12: 6 | K12: 1 | L12: 0 | M12: Solution ==> Quenching ==> Deformation ==> Aging ==> Secondary TMP ==> Secondary Aging | N12: =IF(M12="Solution ==> Quenching ==> Deformation ==> Aging ==> Secondary TMP ==> Secondary Aging",2,IF(M12="Solution ==> Quenching ==> Deformation ==> Aging",1,IF(M12="Solution ==> Quenching ==> Aging",0,""))) -> 2 | O12: 979.85 | P12: 4 | Q12: 50 | R12: 449.85 | S12: 4 | T12: 156 | U12: N/A | V12: N/A | W12: 61 | X12: =IF(OR(T12="",W12=""),"",((T12-AVERAGE($T$2:$T$1139))/_xlfn.STDEV.S($T$2:$T$1139))-#REF!*((AVERAGE($W$2:$W$1139)-W12)/_xlfn.STDEV.S($W$2:$W$1139))) -> #REF! | Y12: =SQRT((1-(T12-MIN($T$2:$T$1139))/(MAX($T$2:$T$1139)-MIN($T$2:$T$1139)))^2+(1-(W12-MIN($W$2:$W$1139))/(MAX($W$2:$W$1139)-MIN($W$2:$W$1139)))^2) -> 0.80493279
A13: 1095 | B13: 10.1016/j.jallcom.2016.11.137 | C13: =_xlfn.XLOOKUP(A13,All!$A:$A,All!$C:$C,"") -> Cu-Al-Cr-Mg-Ni-Si | D13: 2 | E13: 质量分数 | F13: =100-SUM(G13:L13) -> 92.25 | G13: 0.5 | H13: 0.1 | I13: 0.15 | J13: 6 | K13: 1 | L13: 0 | M13: Solution ==> Quenching ==> Deformation ==> Aging ==> Secondary TMP ==> Secondary Aging | N13: =IF(M13="Solution ==> Quenching ==> Deformation ==> Aging ==> Secondary TMP ==> Secondary Aging",2,IF(M13="Solution ==> Quenching ==> Deformation ==> Aging",1,IF(M13="Solution ==> Quenching ==> Aging",0,""))) -> 2 | O13: 979.85 | P13: 4 | Q13: 50 | R13: 449.85 | S13: 4 | T13: 163 | U13: N/A | V13: N/A | W13: 61 | X13: =IF(OR(T13="",W13=""),"",((T13-AVERAGE($T$2:$T$1139))/_xlfn.STDEV.S($T$2:$T$1139))-#REF!*((AVERAGE($W$2:$W$1139)-W13)/_xlfn.STDEV.S($W$2:$W$1139))) -> #REF! | Y13: =SQRT((1-(T13-MIN($T$2:$T$1139))/(MAX($T$2:$T$1139)-MIN($T$2:$T$1139)))^2+(1-(W13-MIN($W$2:$W$1139))/(MAX($W$2:$W$1139)-MIN($W$2:$W$1139)))^2) -> 0.78618026
... A794: 1224 | B794: 10.1016/j.matlet.2017.04.039 | C794: =_xlfn.XLOOKUP(A794,All!$A:$A,All!$C:$C,"") -> Cu-Cr-Zr | D794: 1 | E794: 质量分数 | F794: =100-SUM(G794:L794) -> 99.2 | G794: 0 | H794: 0.3 | I794: 0 | J794: 0 | K794: 0 | L794: 0.5 | M794: Solution ==> Quenching ==> Aging | N794: =IF(M794="Solution ==> Quenching ==> Deformation ==> Aging ==> Secondary TMP ==> Secondary Aging",2,IF(M794="Solution ==> Quenching ==> Deformation ==> Aging",1,IF(M794="Solution ==> Quenching ==> Aging",0,""))) -> 0 | O794: 999.85 | P794: 1 | Q794: 0 | R794: 349.85 | S794: 1 | T794: 87 | U794: N/A | V794: N/A | W794: 36 | X794: =IF(OR(T794="",W794=""),"",((T794-AVERAGE($T$2:$T$1139))/_xlfn.STDEV.S($T$2:$T$1139))-#REF!*((AVERAGE($W$2:$W$1139)-W794)/_xlfn.STDEV.S($W$2:$W$1139))) -> #REF! | Y794: =SQRT((1-(T794-MIN($T$2:$T$1139))/(MAX($T$2:$T$1139)-MIN($T$2:$T$1139)))^2+(1-(W794-MIN($W$2:$W$1139))/(MAX($W$2:$W$1139)-MIN($W$2:$W$1139)))^2) -> 1.153783
A795: Mat23858 | B795: 10.1016/j.msea.2016.10.087 | C795: =_xlfn.XLOOKUP(A795,All!$A:$A,All!$C:$C,"") -> Cu-Cr-Zr | D795: 1 | E795: 质量分数 | F795: =100-SUM(G795:L795) -> 98.9 | G795: 0 | H795: 1 | I795: 0 | J795: 0 | K795: 0 | L795: 0.1 | M795: Solution ==> Quenching ==> Deformation ==> Aging | N795: =IF(M795="Solution ==> Quenching ==> Deformation ==> Aging ==> Secondary TMP ==> Secondary Aging",2,IF(M795="Solution ==> Quenching ==> Deformation ==> Aging",1,IF(M795="Solution ==> Quenching ==> Aging",0,""))) -> 1 | O795: 960/°C | P795: 1 | Q795: N/A | R795: N/A | S795: N/A | T795: 151.33 | U795: N/A | V795: 478.18/MPa | W795: 36.67/% IACS | X795: =IF(OR(T795="",W795=""),"",((T795-AVERAGE($T$2:$T$1139))/_xlfn.STDEV.S($T$2:$T$1139))-#REF!*((AVERAGE($W$2:$W$1139)-W795)/_xlfn.STDEV.S($W$2:$W$1139))) -> #REF! | Y795: =SQRT((1-(T795-MIN($T$2:$T$1139))/(MAX($T$2:$T$1139)-MIN($T$2:$T$1139)))^2+(1-(W795-MIN($W$2:$W$1139))/(MAX($W$2:$W$1139)-MIN($W$2:$W$1139)))^2) -> #VALUE!
A796: 1223 | B796: 10.1016/j.matlet.2017.04.039 | C796: =_xlfn.XLOOKUP(A796,All!$A:$A,All!$C:$C,"") -> Cu-Cr-Zr | D796: 1 | E796: 质量分数 | F796: =100-SUM(G796:L796) -> 99.2 | G796: 0 | H796: 0.3 | I796: 0 | J796: 0 | K796: 0 | L796: 0.5 | M796: Solution ==> Quenching ==> Aging | N796: =IF(M796="Solution ==> Quenching ==> Deformation ==> Aging ==> Secondary TMP ==> Secondary Aging",2,IF(M796="Solution ==> Quenching ==> Deformation ==> Aging",1,IF(M796="Solution ==> Quenching ==> Aging",0,""))) -> 0 | O796: 999.85 | P796: 1 | Q796: 0 | R796: 299.85 | S796: 1 | T796: 86 | U796: N/A | V796: N/A | W796: 33 | X796: =IF(OR(T796="",W796=""),"",((T796-AVERAGE($T$2:$T$1139))/_xlfn.STDEV.S($T$2:$T$1139))-#REF!*((AVERAGE($W$2:$W$1139)-W796)/_xlfn.STDEV.S($W$2:$W$1139))) -> #REF! | Y796: =SQRT((1-(T796-MIN($T$2:$T$1139))/(MAX($T$2:$T$1139)-MIN($T$2:$T$1139)))^2+(1-(W796-MIN($W$2:$W$1139))/(MAX($W$2:$W$1139)-MIN($W$2:$W$1139)))^2) -> 1.179304
A797: 1220 | B797: 10.1016/j.matlet.2017.04.039 | C797: =_xlfn.XLOOKUP(A797,All!$A:$A,All!$C:$C,"") -> Cu-Cr-Zr | D797: 1 | E797: 质量分数 | F797: =100-SUM(G797:L797) -> 99.2 | G797: 0 | H797: 0.3 | I797: 0 | J797: 0 | K797: 0 | L797: 0.5 | M797: Solution ==> Quenching ==> Aging | N797: =IF(M797="Solution ==> Quenching ==> Deformation ==> Aging ==> Secondary TMP ==> Secondary Aging",2,IF(M797="Solution ==> Quenching ==> Deformation ==> Aging",1,IF(M797="Solution ==> Quenching ==> Aging",0,""))) -> 0 | O797: 999.85 | P797: 1 | Q797: 0 | R797: 99.85 | S797: 1 | T797: 83 | U797: N/A | V797: N/A | W797: 32 | X797: =IF(OR(T797="",W797=""),"",((T797-AVERAGE($T$2:$T$1139))/_xlfn.STDEV.S($T$2:$T$1139))-#REF!*((AVERAGE($W$2:$W$1139)-W797)/_xlfn.STDEV.S($W$2:$W$1139))) -> #REF! | Y797: =SQRT((1-(T797-MIN($T$2:$T$1139))/(MAX($T$2:$T$1139)-MIN($T$2:$T$1139)))^2+(1-(W797-MIN($W$2:$W$1139))/(MAX($W$2:$W$1139)-MIN($W$2:$W$1139)))^2) -> 1.1943087
A798: 1221 | B798: 10.1016/j.matlet.2017.04.039 | C798: =_xlfn.XLOOKUP(A798,All!$A:$A,All!$C:$C,"") -> Cu-Cr-Zr | D798: 1 | E798: 质量分数 | F798: =100-SUM(G798:L798) -> 99.2 | G798: 0 | H798: 0.3 | I798: 0 | J798: 0 | K798: 0 | L798: 0.5 | M798: Solution ==> Quenching ==> Aging | N798: =IF(M798="Solution ==> Quenching ==> Deformation ==> Aging ==> Secondary TMP ==> Secondary Aging",2,IF(M798="Solution ==> Quenching ==> Deformation ==> Aging",1,IF(M798="Solution ==> Quenching ==> Aging",0,""))) -> 0 | O798: 999.85 | P798: 1 | Q798: 0 | R798: 199.85 | S798: 1 | T798: 84 | U798: N/A | V798: N/A | W798: 32 | X798: =IF(OR(T798="",W798=""),"",((T798-AVERAGE($T$2:$T$1139))/_xlfn.STDEV.S($T$2:$T$1139))-#REF!*((AVERAGE($W$2:$W$1139)-W798)/_xlfn.STDEV.S($W$2:$W$1139))) -> #REF! | Y798: =SQRT((1-(T798-MIN($T$2:$T$1139))/(MAX($T$2:$T$1139)-MIN($T$2:$T$1139)))^2+(1-(W798-MIN($W$2:$W$1139))/(MAX($W$2:$W$1139)-MIN($W$2:$W$1139)))^2) -> 1.1919231
A799: 1222 | B799: 10.1016/j.matlet.2017.04.039 | C799: =_xlfn.XLOOKUP(A799,All!$A:$A,All!$C:$C,"") -> Cu-Cr-Zr | D799: 1 | E799: 质量分数 | F799: =100-SUM(G799:L799) -> 99.2 | G799: 0 | H799: 0.3 | I799: 0 | J799: 0 | K799: 0 | L799: 0.5 | M799: Solution ==> Quenching ==> Aging | N799: =IF(M799="Solution ==> Quenching ==> Deformation ==> Aging ==> Secondary TMP ==> Secondary Aging",2,IF(M799="Solution ==> Quenching ==> Deformation ==> Aging",1,IF(M799="Solution ==> Quenching ==> Aging",0,""))) -> 0 | O799: 999.85 | P799: 1 | Q799: 0 | R799: 249.85 | S799: 1 | T799: 84 | U799: N/A | V799: N/A | W799: 32 | X799: =IF(OR(T799="",W799=""),"",((T799-AVERAGE($T$2:$T$1139))/_xlfn.STDEV.S($T$2:$T$1139))-#REF!*((AVERAGE($W$2:$W$1139)-W799)/_xlfn.STDEV.S($W$2:$W$1139))) -> #REF! | Y799: =SQRT((1-(T799-MIN($T$2:$T$1139))/(MAX($T$2:$T$1139)-MIN($T$2:$T$1139)))^2+(1-(W799-MIN($W$2:$W$1139))/(MAX($W$2:$W$1139)-MIN($W$2:$W$1139)))^2) -> 1.1919231
A800: Mat27027 | B800: 10.1016/j.mtcomm.2024.109438 | C800: =_xlfn.XLOOKUP(A800,All!$A:$A,All!$C:$C,"") -> Cu-Mg-Ni-Si | D800: 0 | E800: 质量分数 | F800: =100-SUM(G800:L800) -> 96.74 | G800: 0 | H800: 0 | I800: 0.22 | J800: 2.58 | K800: 0.46 | L800: 0 | M800: Solution ==> Quenching ==> Deformation ==> Aging | N800: =IF(M800="Solution ==> Quenching ==> Deformation ==> Aging ==> Secondary TMP ==> Secondary Aging",2,IF(M800="Solution ==> Quenching ==> Deformation ==> Aging",1,IF(M800="Solution ==> Quenching ==> Aging",0,""))) -> 1 | O800: N/A | P800: N/A | Q800: N/A | R800: N/A | S800: N/A | T800: 126.7 | U800: 265/MPa | V800: 380/MPa | W800: 40.5 | X800: =IF(OR(T800="",W800=""),"",((T800-AVERAGE($T$2:$T$1139))/_xlfn.STDEV.S($T$2:$T$1139))-#REF!*((AVERAGE($W$2:$W$1139)-W800)/_xlfn.STDEV.S($W$2:$W$1139))) -> #REF! | Y800: =SQRT((1-(T800-MIN($T$2:$T$1139))/(MAX($T$2:$T$1139)-MIN($T$2:$T$1139)))^2+(1-(W800-MIN($W$2:$W$1139))/(MAX($W$2:$W$1139)-MIN($W$2:$W$1139)))^2) -> 1.023266
A801: 209 | B801: 10.2320/jinstmet1952.62.4_301 | C801: =_xlfn.XLOOKUP(A801,All!$A:$A,All!$C:$C,"") -> Cu-Ni-Si | D801: 0 | E801: 质量分数 | F801: =100-SUM(G801:L801) -> 97.12 | G801: 0 | H801: 0 | I801: 0 | J801: 2.32 | K801: 0.56 | L801: 0 | M801: Solution ==> Quenching ==> Aging | N801: =IF(M801="Solution ==> Quenching ==> Deformation ==> Aging ==> Secondary TMP ==> Secondary Aging",2,IF(M801="Solution ==> Quenching ==> Deformation ==> Aging",1,IF(M801="Solution ==> Quenching ==> Aging",0,""))) -> 0 | O801: 949.85 | P801: 1 | Q801: 0 | R801: 499.85 | S801: 0.033333333 | T801: 130 | U801: N/A | V801: N/A | W801: 67 | X801: =IF(OR(T801="",W801=""),"",((T801-AVERAGE($T$2:$T$1139))/_xlfn.STDEV.S($T$2:$T$1139))-#REF!*((AVERAGE($W$2:$W$1139)-W801)/_xlfn.STDEV.S($W$2:$W$1139))) -> #REF! | Y801: =SQRT((1-(T801-MIN($T$2:$T$1139))/(MAX($T$2:$T$1139)-MIN($T$2:$T$1139)))^2+(1-(W801-MIN($W$2:$W$1139))/(MAX($W$2:$W$1139)-MIN($W$2:$W$1139)))^2) -> 0.84517144
A802: 447 | B802: 10.2320/jinstmet1952.62.4_301 | C802: =_xlfn.XLOOKUP(A802,All!$A:$A,All!$C:$C,"") -> Cu-Ni-Si | D802: 0 | E802: 质量分数 | F802: =100-SUM(G802:L802) -> 95.51 | G802: 0 | H802: 0 | I802: 0 | J802: 3.78 | K802: 0.71 | L802: 0 | M802: Solution ==> Quenching ==> Aging | N802: =IF(M802="Solution ==> Quenching ==> Deformation ==> Aging ==> Secondary TMP ==> Secondary Aging",2,IF(M802="Solution ==> Quenching ==> Deformation ==> Aging",1,IF(M802="Solution ==> Quenching ==> Aging",0,""))) -> 0 | O802: 949.85 | P802: 1 | Q802: 0 | R802: 499.85 | S802: 22 | T802: 123 | U802: N/A | V802: N/A | W802: 55 | X802: =IF(OR(T802="",W802=""),"",((T802-AVERAGE($T$2:$T$1139))/_xlfn.STDEV.S($T$2:$T$1139))-#REF!*((AVERAGE($W$2:$W$1139)-W802)/_xlfn.STDEV.S($W$2:$W$1139))) -> #REF! | Y802: =SQRT((1-(T802-MIN($T$2:$T$1139))/(MAX($T$2:$T$1139)-MIN($T$2:$T$1139)))^2+(1-(W802-MIN($W$2:$W$1139))/(MAX($W$2:$W$1139)-MIN($W$2:$W$1139)))^2) -> 0.929919
A803: 444 | B803: 10.2320/jinstmet1952.62.4_301 | C803: =_xlfn.XLOOKUP(A803,All!$A:$A,All!$C:$C,"") -> Cu-Ni-Si | D803: 0 | E803: 质量分数 | F803: =100-SUM(G803:L803) -> 95.34 | G803: 0 | H803: 0 | I803: 0 | J803: 3.77 | K803: 0.89 | L803: 0 | M803: Solution ==> Quenching ==> Aging | N803: =IF(M803="Solution ==> Quenching ==> Deformation ==> Aging ==> Secondary TMP ==> Secondary Aging",2,IF(M803="Solution ==> Quenching ==> Deformation ==> Aging",1,IF(M803="Solution ==> Quenching ==> Aging",0,""))) -> 0 | O803: 949.85 | P803: 1 | Q803: 0 | R803: 499.85 | S803: 22 | T803: 125 | U803: N/A | V803: N/A | W803: 55 | X803: =IF(OR(T803="",W803=""),"",((T803-AVERAGE($T$2:$T$1139))/_xlfn.STDEV.S($T$2:$T$1139))-#REF!*((AVERAGE($W$2:$W$1139)-W803)/_xlfn.STDEV.S($W$2:$W$1139))) -> #REF! | Y803: =SQRT((1-(T803-MIN($T$2:$T$1139))/(MAX($T$2:$T$1139)-MIN($T$2:$T$1139)))^2+(1-(W803-MIN($W$2:$W$1139))/(MAX($W$2:$W$1139)-MIN($W$2:$W$1139)))^2) -> 0.92460166
A804: 411 | B804: 10.2320/jinstmet1952.62.4_301 | C804: =_xlfn.XLOOKUP(A804,All!$A:$A,All!$C:$C,"") -> Cu-Ni-Si | D804: 0 | E804: 质量分数 | F804: =100-SUM(G804:L804) -> 95.34 | G804: 0 | H804: 0 | I804: 0 | J804: 3.77 | K804: 0.89 | L804: 0 | M804: Solution ==> Quenching ==> Aging | N804: =IF(M804="Solution ==> Quenching ==> Deformation ==> Aging ==> Secondary TMP ==> Secondary Aging",2,IF(M804="Solution ==> Quenching ==> Deformation ==> Aging",1,IF(M804="Solution ==> Quenching ==> Aging",0,""))) -> 0 | O804: 949.85 | P804: 1 | Q804: 0 | R804: 499.85 | S804: 6 | T804: 148 | U804: N/A | V804: N/A | W804: 53 | X804: =IF(OR(T804="",W804=""),"",((T804-AVERAGE($T$2:$T$1139))/_xlfn.STDEV.S($T$2:$T$1139))-#REF!*((AVERAGE($W$2:$W$1139)-W804)/_xlfn.STDEV.S($W$2:$W$1139))) -> #REF! | Y804: =SQRT((1-(T804-MIN($T$2:$T$1139))/(MAX($T$2:$T$1139)-MIN($T$2:$T$1139)))^2+(1-(W804-MIN($W$2:$W$1139))/(MAX($W$2:$W$1139)-MIN($W$2:$W$1139)))^2) -> 0.87786435
A805: 173 | B805: 10.1016/j.matchar.2016.03.017 | C805: =_xlfn.XLOOKUP(A805,All!$A:$A,All!$C:$C,"") -> Cu-Ni-Si | D805: 0 | E805: 质量分数 | F805: =100-SUM(G805:L805) -> 94.93 | G805: 0 | H805: 0 | I805: 0 | J805: 4.1 | K805: 0.97 | L805: 0 | M805: Solution ==> Quenching ==> Aging | N805: =IF(M805="Solution ==> Quenching ==> Deformation ==> Aging ==> Secondary TMP ==> Secondary Aging",2,IF(M805="Solution ==> Quenching ==> Deformation ==> Aging",1,IF(M805="Solution ==> Quenching ==> Aging",0,""))) -> 0 | O805: 899.85 | P805: 3 | Q805: 0 | R805: 449.85 | S805: 408 | T805: 137 | U805: N/A | V805: N/A | W805: 52 | X805: =IF(OR(T805="",W805=""),"",((T805-AVERAGE($T$2:$T$1139))/_xlfn.STDEV.S($T$2:$T$1139))-#REF!*((AVERAGE($W$2:$W$1139)-W805)/_xlfn.STDEV.S($W$2:$W$1139))) -> #REF! | Y805: =SQRT((1-(T805-MIN($T$2:$T$1139))/(MAX($T$2:$T$1139)-MIN($T$2:$T$1139)))^2+(1-(W805-MIN($W$2:$W$1139))/(MAX($W$2:$W$1139)-MIN($W$2:$W$1139)))^2) -> 0.91290529
A806: 172 | B806: 10.1016/j.matchar.2016.03.017 | C806: =_xlfn.XLOOKUP(A806,All!$A:$A,All!$C:$C,"") -> Cu-Ni-Si | D806: 0 | E806: 质量分数 | F806: =100-SUM(G806:L806) -> 94.93 | G806: 0 | H806: 0 | I806: 0 | J806: 4.1 | K806: 0.97 | L806: 0 | M806: Solution ==> Quenching ==> Aging | N806: =IF(M806="Solution ==> Quenching ==> Deformation ==> Aging ==> Secondary TMP ==> Secondary Aging",2,IF(M806="Solution ==> Quenching ==> Deformation ==> Aging",1,IF(M806="Solution ==> Quenching ==> Aging",0,""))) -> 0 | O806: 899.85 | P806: 3 | Q806: 0 | R806: 449.85 | S806: 240 | T806: 138 | U806: N/A | V806: N/A | W806: 52 | X806: =IF(OR(T806="",W806=""),"",((T806-AVERAGE($T$2:$T$1139))/_xlfn.STDEV.S($T$2:$T$1139))-#REF!*((AVERAGE($W$2:$W$1139)-W806)/_xlfn.STDEV.S($W$2:$W$1139))) -> #REF! | Y806: =SQRT((1-(T806-MIN($T$2:$T$1139))/(MAX($T$2:$T$1139)-MIN($T$2:$T$1139)))^2+(1-(W806-MIN($W$2:$W$1139))/(MAX($W$2:$W$1139)-MIN($W$2:$W$1139)))^2) -> 0.91034035
A807: 361 | B807: 10.1016/j.pnsc.2017.06.006 | C807: =_xlfn.XLOOKUP(A807,All!$A:$A,All!$C:$C,"") -> Cu-Ni-Si | D807: 0 | E807: 质量分数 | F807: =100-SUM(G807:L807) -> 95.16 | G807: 0 | H807: 0 | I807: 0 | J807: 3.91 | K807: 0.93 | L807: 0 | M807: Solution ==> Quenching ==> Aging | N807: =IF(M807="Solution ==> Quenching ==> Deformation ==> Aging ==> Secondary TMP ==> Secondary Aging",2,IF(M807="Solution ==> Quenching ==> Deformation ==> Aging",1,IF(M807="Solution ==> Quenching ==> Aging",0,""))) -> 0 | O807: 949.85 | P807: 1 | Q807: 0 | R807: 449.85 | S807: 4 | T807: 175 | U807: N/A | V807: N/A | W807: 52 | X807: =IF(OR(T807="",W807=""),"",((T807-AVERAGE($T$2:$T$1139))/_xlfn.STDEV.S($T$2:$T$1139))-#REF!*((AVERAGE($W$2:$W$1139)-W807)/_xlfn.STDEV.S($W$2:$W$1139))) -> #REF! | Y807: =SQRT((1-(T807-MIN($T$2:$T$1139))/(MAX($T$2:$T$1139)-MIN($T$2:$T$1139)))^2+(1-(W807-MIN($W$2:$W$1139))/(MAX($W$2:$W$1139)-MIN($W$2:$W$1139)))^2) -> 0.81787448
A808: 371 | B808: https://www.ams.org.cn/EN/10.11900/0412.1961.2019.00080 | C808: =_xlfn.XLOOKUP(A808,All!$A:$A,All!$C:$C,"") -> Cu-Ni-Si | D808: 0 | E808: 质量分数 | F808: =100-SUM(G808:L808) -> 95.1 | G808: 0 | H808: 0 | I808: 0 | J808: 4 | K808: 0.9 | L808: 0 | M808: Solution ==> Quenching ==> Aging | N808: =IF(M808="Solution ==> Quenching ==> Deformation ==> Aging ==> Secondary TMP ==> Secondary Aging",2,IF(M808="Solution ==> Quenching ==> Deformation ==> Aging",1,IF(M808="Solution ==> Quenching ==> Aging",0,""))) -> 0 | O808: 949.85 | P808: 1 | Q808: 0 | R808: 449.85 | S808: 4 | T808: 183 | U808: N/A | V808: N/A | W808: 52 | X808: =IF(OR(T808="",W808=""),"",((T808-AVERAGE($T$2:$T$1139))/_xlfn.STDEV.S($T$2:$T$1139))-#REF!*((AVERAGE($W$2:$W$1139)-W808)/_xlfn.STDEV.S($W$2:$W$1139))) -> #REF! | Y808: =SQRT((1-(T808-MIN($T$2:$T$1139))/(MAX($T$2:$T$1139)-MIN($T$2:$T$1139)))^2+(1-(W808-MIN($W$2:$W$1139))/(MAX($W$2:$W$1139)-MIN($W$2:$W$1139)))^2) -> 0.79859535
A809: 426 | B809: 10.2320/jinstmet1952.62.4_301 | C809: =_xlfn.XLOOKUP(A809,All!$A:$A,All!$C:$C,"") -> Cu-Ni-Si | D809: 0 | E809: 质量分数 | F809: =100-SUM(G809:L809) -> 95.51 | G809: 0 | H809: 0 | I809: 0 | J809: 3.78 | K809: 0.71 | L809: 0 | M809: Solution ==> Quenching ==> Aging | N809: =IF(M809="Solution ==> Quenching ==> Deformation ==> Aging ==> Secondary TMP ==> Secondary Aging",2,IF(M809="Solution ==> Quenching ==> Deformation ==> Aging",1,IF(M809="Solution ==> Quenching ==> Aging",0,""))) -> 0 | O809: 949.85 | P809: 1 | Q809: 0 | R809: 499.85 | S809: 8 | T809: 134 | U809: N/A | V809: N/A | W809: 51 | X809: =IF(OR(T809="",W809=""),"",((T809-AVERAGE($T$2:$T$1139))/_xlfn.STDEV.S($T$2:$T$1139))-#REF!*((AVERAGE($W$2:$W$1139)-W809)/_xlfn.STDEV.S($W$2:$W$1139))) -> #REF! | Y809: =SQRT((1-(T809-MIN($T$2:$T$1139))/(MAX($T$2:$T$1139)-MIN($T$2:$T$1139)))^2+(1-(W809-MIN($W$2:$W$1139))/(MAX($W$2:$W$1139)-MIN($W$2:$W$1139)))^2) -> 0.92746684
A810: 374 | B810: https://www.ams.org.cn/EN/10.11900/0412.1961.2019.00080 | C810: =_xlfn.XLOOKUP(A810,All!$A:$A,All!$C:$C,"") -> Cu-Ni-Si | D810: 0 | E810: 质量分数 | F810: =100-SUM(G810:L810) -> 96.1 | G810: 0 | H810: 0 | I810: 0 | J810: 3.1 | K810: 0.8 | L810: 0 | M810: Solution ==> Quenching ==> Aging | N810: =IF(M810="Solution ==> Quenching ==> Deformation ==> Aging ==> Secondary TMP ==> Secondary Aging",2,IF(M810="Solution ==> Quenching ==> Deformation ==> Aging",1,IF(M810="Solution ==> Quenching ==> Aging",0,""))) -> 0 | O810: 949.85 | P810: 1 | Q810: 0 | R810: 449.85 | S810: 4 | T810: 161 | U810: N/A | V810: N/A | W810: 51 | X810: =IF(OR(T810="",W810=""),"",((T810-AVERAGE($T$2:$T$1139))/_xlfn.STDEV.S($T$2:$T$1139))-#REF!*((AVERAGE($W$2:$W$1139)-W810)/_xlfn.STDEV.S($W$2:$W$1139))) -> #REF! | Y810: =SQRT((1-(T810-MIN($T$2:$T$1139))/(MAX($T$2:$T$1139)-MIN($T$2:$T$1139)))^2+(1-(W810-MIN($W$2:$W$1139))/(MAX($W$2:$W$1139)-MIN($W$2:$W$1139)))^2) -> 0.85965707
A811: 231 | B811: 10.2320/jinstmet1952.62.4_301 | C811: =_xlfn.XLOOKUP(A811,All!$A:$A,All!$C:$C,"") -> Cu-Ni-Si | D811: 0 | E811: 质量分数 | F811: =100-SUM(G811:L811) -> 97.12 | G811: 0 | H811: 0 | I811: 0 | J811: 2.32 | K811: 0.56 | L811: 0 | M811: Solution ==> Quenching ==> Aging | N811: =IF(M811="Solution ==> Quenching ==> Deformation ==> Aging ==> Secondary TMP ==> Secondary Aging",2,IF(M811="Solution ==> Quenching ==> Deformation ==> Aging",1,IF(M811="Solution ==> Quenching ==> Aging",0,""))) -> 0 | O811: 949.85 | P811: 1 | Q811: 0 | R811: 499.85 | S811: 0.083333333 | T811: 164 | U811: N/A | V811: N/A | W811: 51 | X811: =IF(OR(T811="",W811=""),"",((T811-AVERAGE($T$2:$T$1139))/_xlfn.STDEV.S($T$2:$T$1139))-#REF!*((AVERAGE($W$2:$W$1139)-W811)/_xlfn.STDEV.S($W$2:$W$1139))) -> #REF! | Y811: =SQRT((1-(T811-MIN($T$2:$T$1139))/(MAX($T$2:$T$1139)-MIN($T$2:$T$1139)))^2+(1-(W811-MIN($W$2:$W$1139))/(MAX($W$2:$W$1139)-MIN($W$2:$W$1139)))^2) -> 0.85228644
A812: 446 | B812: 10.2320/jinstmet1952.62.4_301 | C812: =_xlfn.XLOOKUP(A812,All!$A:$A,All!$C:$C,"") -> Cu-Ni-Si | D812: 0 | E812: 质量分数 | F812: =100-SUM(G812:L812) -> 97.24 | G812: 0 | H812: 0 | I812: 0 | J812: 2.31 | K812: 0.45 | L812: 0 | M812: Solution ==> Quenching ==> Aging | N812: =IF(M812="Solution ==> Quenching ==> Deformation ==> Aging ==> Secondary TMP ==> Secondary Aging",2,IF(M812="Solution ==> Quenching ==> Deformation ==> Aging",1,IF(M812="Solution ==> Quenching ==> Aging",0,""))) -> 0 | O812: 949.85 | P812: 1 | Q812: 0 | R812: 499.85 | S812: 22 | T812: 172 | U812: N/A | V812: N/A | W812: 51 | X812: =IF(OR(T812="",W812=""),"",((T812-AVERAGE($T$2:$T$1139))/_xlfn.STDEV.S($T$2:$T$1139))-#REF!*((AVERAGE($W$2:$W$1139)-W812)/_xlfn.STDEV.S($W$2:$W$1139))) -> #REF! | Y812: =SQRT((1-(T812-MIN($T$2:$T$1139))/(MAX($T$2:$T$1139)-MIN($T$2:$T$1139)))^2+(1-(W812-MIN($W$2:$W$1139))/(MAX($W$2:$W$1139)-MIN($W$2:$W$1139)))^2) -> 0.83280969
... A1139: 481 | B1139: 10.1016/j.msea.2016.07.021 | C1139: =_xlfn.XLOOKUP(A1139,All!$A:$A,All!$C:$C,"") -> Cu-Ni-Si-Zr | D1139: 0 | E1139: 质量分数 | F1139: =100-SUM(G1139:L1139) -> 97.5 | G1139: 0 | H1139: 0 | I1139: 0 | J1139: 1.87 | K1139: 0.47 | L1139: 0.16 | M1139: Solution ==> Quenching ==> Deformation ==> Aging | N1139: =IF(M1139="Solution ==> Quenching ==> Deformation ==> Aging ==> Secondary TMP ==> Secondary Aging",2,IF(M1139="Solution ==> Quenching ==> Deformation ==> Aging",1,IF(M1139="Solution ==> Quenching ==> Aging",0,""))) -> 1 | O1139: 959.85 | P1139: 1 | Q1139: 60 | R1139: 349.85 | S1139: 1 | T1139: 174 | U1139: N/A | V1139: N/A | W1139: 26 | X1139: =IF(OR(T1139="",W1139=""),"",((T1139-AVERAGE($T$2:$T$1139))/_xlfn.STDEV.S($T$2:$T$1139))-#REF!*((AVERAGE($W$2:$W$1139)-W1139)/_xlfn.STDEV.S($W$2:$W$1139))) -> #REF! | Y1139: =SQRT((1-(T1139-MIN($T$2:$T$1139))/(MAX($T$2:$T$1139)-MIN($T$2:$T$1139)))^2+(1-(W1139-MIN($W$2:$W$1139))/(MAX($W$2:$W$1139)-MIN($W$2:$W$1139)))^2) -> 1.0504874

Sheet UTS
A1: ID | B1: DOI | C1: Alloy-Series | D1: Cr | E1: Fe | F1: Mg | G1: Ni | H1: Si | I1: Ti | J1: Zr | K1: Processing_route | L1: Solution_Temperature | M1: Solution_Time | N1: CR_Reduction/% | O1: Aging_Temperature | P1: Aging_Time | Q1: Secondary TMP | R1: Hardness | S1: YS | T1: UTS | U1: EC
A2: Yun45 | B2: 10.1016/j.jallcom.2022.168656 | C2: Cu-Cr-Mg-Zr | D2: 0.95/wt.% | E2: 0/wt.% | F2: 0.06/wt.% | G2: 0/wt.% | H2: 0/wt.% | I2: 0/wt.% | J2: 0.19/wt.% | K2: Solution ==> Quenching ==> Aging ==> Secondary TMP ==> Secondary Aging | L2: 972/℃ | M2: 1/h | N2: 60/% | O2: 400/℃ | P2: 2/h | Q2: Y | R2: N/A | S2: N/A | T2: 610.98/MPa | U2: N/A
A3: Mat18921 | B3: 10.1016/j.matchar.2024.113693 | C3: Cu-Cr-Mg-Ni-Si | D3: 0.074/wt.% | E3: 0/wt.% | F3: 0.081/wt.% | G3: 3.03/wt.% | H3: 0.69/wt.% | I3: 0/wt.% | J3: 0/wt.% | K3: Deformation ==> Solution ==> Quenching ==> Aging | L3: 900/°C | M3: 2/h | N3: N/A | O3: 460/°C | P3: 12/h | Q3: N/A | R3: 213/HV | S3: 532/MPa | T3: 609/MPa | U3: N/A
A4: Mat18920 | B4: 10.1016/j.matchar.2024.113693 | C4: Cu-Cr-Mg-Ni-Si | D4: 0.074/wt.% | E4: 0/wt.% | F4: 0.081/wt.% | G4: 3.03/wt.% | H4: 0.69/wt.% | I4: 0/wt.% | J4: 0/wt.% | K4: Deformation ==> Solution ==> Quenching ==> Aging | L4: N/A | M4: N/A | N4: N/A | O4: 460/°C | P4: 9/h | Q4: N/A | R4: 233/HV | S4: 578/MPa | T4: 651/MPa | U4: N/A
A5: Mat18919 | B5: 10.1016/j.matchar.2024.113693 | C5: Cu-Cr-Mg-Ni-Si | D5: 0.074/wt.% | E5: 0/wt.% | F5: 0.081/wt.% | G5: 3.03/wt.% | H5: 0.69/wt.% | I5: 0/wt.% | J5: 0/wt.% | K5: Deformation ==> Solution ==> Quenching ==> Aging | L5: N/A | M5: N/A | N5: N/A | O5: 460/°C | P5: 4/h | Q5: N/A | R5: 263/HV | S5: 750/MPa | T5: 789/MPa | U5: N/A
A6: Yun28 | B6: 10.1016/j.jallcom.2020.157582 | C6: Cu-Cr-Mg | D6: 0.59/wt.% | E6: 0/wt.% | F6: 0.1/wt.% | G6: 0/wt.% | H6: 0/wt.% | I6: 0/wt.% | J6: 0/wt.% | K6: Solution ==> Quenching ==> Deformation ==> Aging | L6: 950/℃ | M6: 1/h | N6: 58.6/% | O6: 500/℃ | P6: 2.004666667/h | Q6: N | R6: N/A | S6: N/A | T6: 440.14/MPa | U6: N/A
A7: Yun30 | B7: 10.1016/j.jallcom.2020.157582 | C7: Cu-Cr-Mg | D7: 0.59/wt.% | E7: 0/wt.% | F7: 0.1/wt.% | G7: 0/wt.% | H7: 0/wt.% | I7: 0/wt.% | J7: 0/wt.% | K7: Solution ==> Quenching ==> Deformation ==> Aging | L7: 950/℃ | M7: 1/h | N7: 58.6/% | O7: 500/℃ | P7: 4.011666667/h | Q7: N | R7: N/A | S7: N/A | T7: 440.62/MPa | U7: N/A
A8: Yun24 | B8: 10.1016/j.jallcom.2020.157582 | C8: Cu-Cr-Mg | D8: 0.59/wt.% | E8: 0/wt.% | F8: 0.1/wt.% | G8: 0/wt.% | H8: 0/wt.% | I8: 0/wt.% | J8: 0/wt.% | K8: Solution ==> Quenching ==> Deformation ==> Aging | L8: 950/℃ | M8: 1/h | N8: 58.6/% | O8: 500/℃ | P8: 0.168166667/h | Q8: N | R8: N/A | S8: N/A | T8: 442.46/MPa | U8: N/A
A9: Yun29 | B9: 10.1016/j.jallcom.2020.157582 | C9: Cu-Cr-Mg | D9: 0.59/wt.% | E9: 0/wt.% | F9: 0.1/wt.% | G9: 0/wt.% | H9: 0/wt.% | I9: 0/wt.% | J9: 0/wt.% | K9: Solution ==> Quenching ==> Deformation ==> Aging | L9: 950/℃ | M9: 1/h | N9: 58.6/% | O9: 500/℃ | P9: 3.011666667/h | Q9: N | R9: N/A | S9: N/A | T9: 443.61/MPa | U9: N/A
A10: Yun23 | B10: 10.1016/j.jallcom.2020.157582 | C10: Cu-Cr-Mg | D10: 0.59/wt.% | E10: 0/wt.% | F10: 0.1/wt.% | G10: 0/wt.% | H10: 0/wt.% | I10: 0/wt.% | J10: 0/wt.% | K10: Solution ==> Quenching ==> Deformation ==> Aging | L10: 950/℃ | M10: 1/h | N10: 58.6/% | O10: 500/℃ | P10: 0/h | Q10: N | R10: N/A | S10: N/A | T10: 447.05/MPa | U10: N/A
A11: Yun25 | B11: 10.1016/j.jallcom.2020.157582 | C11: Cu-Cr-Mg | D11: 0.59/wt.% | E11: 0/wt.% | F11: 0.1/wt.% | G11: 0/wt.% | H11: 0/wt.% | I11: 0/wt.% | J11: 0/wt.% | K11: Solution ==> Quenching ==> Deformation ==> Aging | L11: 950/℃ | M11: 1/h | N11: 58.6/% | O11: 500/℃ | P11: 0.331833333/h | Q11: N | R11: N/A | S11: N/A | T11: 455.33/MPa | U11: N/A
A12: Yun27 | B12: 10.1016/j.jallcom.2020.157582 | C12: Cu-Cr-Mg | D12: 0.59/wt.% | E12: 0/wt.% | F12: 0.1/wt.% | G12: 0/wt.% | H12: 0/wt.% | I12: 0/wt.% | J12: 0/wt.% | K12: Solution ==> Quenching ==> Deformation ==> Aging | L12: 950/℃ | M12: 1/h | N12: 58.6/% | O12: 500/℃ | P12: 1.007/h | Q12: N | R12: N/A | S12: N/A | T12: 460.88/MPa | U12: N/A
A13: Yun26 | B13: 10.1016/j.jallcom.2020.157582 | C13: Cu-Cr-Mg | D13: 0.59/wt.% | E13: 0/wt.% | F13: 0.1/wt.% | G13: 0/wt.% | H13: 0/wt.% | I13: 0/wt.% | J13: 0/wt.% | K13: Solution ==> Quenching ==> Deformation ==> Aging | L13: 950/℃ | M13: 1/h | N13: 58.6/% | O13: 500/℃ | P13: 0.497666667/h | Q13: N | R13: N/A | S13: N/A | T13: 466.7/MPa | U13: N/A
A14: 3 | B14: 10.1016/j.msea.2006.12.163 | C14: Cu-Mg-Ni-Si | D14: 0/wt.% | E14: 0/wt.% | F14: 0.1/wt.% | G14: 2/wt.% | H14: 0.5/wt.% | I14: 0/wt.% | J14: 0/wt.% | K14: Solution ==> Quenching ==> Deformation ==> Aging | L14: 729.85/℃ | M14: 0.083/h | N14: 20/% | O14: 399.85/℃ | P14: 72/h | Q14: N | R14: N/A | S14: 560/MPa | T14: 630/MPa | U14: 44/%IACS
A15: Yun95 | B15: 10.1016/j.msea.2021.142511 | C15: Cu-Cr-Mg-Si | D15: 0.261/wt.% | E15: 0/wt.% | F15: 0.136/wt.% | G15: 0/wt.% | H15: 0.019/wt.% | I15: 0/wt.% | J15: 0/wt.% | K15: Solution ==> Quenching ==> Deformation ==> Aging | L15: 950/℃ | M15: 2/h | N15: 80/% | O15: 500/℃ | P15: 4/h | Q15: N | R15: N/A | S15: N/A | T15: 487.5/MPa | U15: N/A
A16: Yun91 | B16: 10.1016/j.msea.2021.142511 | C16: Cu-Cr-Mg-Si | D16: 0.261/wt.% | E16: 0/wt.% | F16: 0.136/wt.% | G16: 0/wt.% | H16: 0.019/wt.% | I16: 0/wt.% | J16: 0/wt.% | K16: Solution ==> Quenching ==> Deformation ==> Aging | L16: 950/℃ | M16: 2/h | N16: 80/% | O16: 500/℃ | P16: 0.04/h | Q16: N | R16: N/A | S16: N/A | T16: 508.53/MPa | U16: N/A
A17: Yun94 | B17: 10.1016/j.msea.2021.142511 | C17: Cu-Cr-Mg-Si | D17: 0.261/wt.% | E17: 0/wt.% | F17: 0.136/wt.% | G17: 0/wt.% | H17: 0.019/wt.% | I17: 0/wt.% | J17: 0/wt.% | K17: Solution ==> Quenching ==> Deformation ==> Aging | L17: 950/℃ | M17: 2/h | N17: 80/% | O17: 500/℃ | P17: 0.33/h | Q17: N | R17: N/A | S17: N/A | T17: 533.59/MPa | U17: N/A
A18: Yun96 | B18: 10.1016/j.msea.2021.142511 | C18: Cu-Cr-Mg | D18: 0.265/wt.% | E18: 0/wt.% | F18: 0.138/wt.% | G18: 0/wt.% | H18: 0/wt.% | I18: 0/wt.% | J18: 0/wt.% | K18: Solution ==> Quenching ==> Deformation ==> Aging | L18: 950/℃ | M18: 2/h | N18: 80/% | O18: 500/℃ | P18: 4/h | Q18: N | R18: N/A | S18: N/A | T18: 471.88/MPa | U18: N/A
A19: Yun92 | B19: 10.1016/j.msea.2021.142511 | C19: Cu-Cr-Mg | D19: 0.265/wt.% | E19: 0/wt.% | F19: 0.138/wt.% | G19: 0/wt.% | H19: 0/wt.% | I19: 0/wt.% | J19: 0/wt.% | K19: Solution ==> Quenching ==> Deformation ==> Aging | L19: 950/℃ | M19: 2/h | N19: 80/% | O19: 500/℃ | P19: 0.04/h | Q19: N | R19: N/A | S19: N/A | T19: 478.29/MPa | U19: N/A
A20: Yun93 | B20: 10.1016/j.msea.2021.142511 | C20: Cu-Cr-Mg | D20: 0.265/wt.% | E20: 0/wt.% | F20: 0.138/wt.% | G20: 0/wt.% | H20: 0/wt.% | I20: 0/wt.% | J20: 0/wt.% | K20: Solution ==> Quenching ==> Deformation ==> Aging | L20: 950/℃ | M20: 2/h | N20: 80/% | O20: 500/℃ | P20: 0.33/h | Q20: N | R20: N/A | S20: N/A | T20: 508.59/MPa | U20: N/A
A21: 592 | B21: 10.1016/j.msea.2013.02.024 | C21: Cu-Cr-Mg-Ni-Si | D21: 0.1/wt.% | E21: 0/wt.% | F21: 0.15/wt.% | G21: 6/wt.% | H21: 1.4/wt.% | I21: 0/wt.% | J21: 0/wt.% | K21: Solution ==> Quenching ==> Deformation ==> Aging | L21: 969.85/℃ | M21: 4/h | N21: 50/% | O21: 449.85/℃ | P21: 1/h | Q21: N | R21: 338/HV | S21: 950/MPa | T21: 1040/MPa | U21: 29/%IACS
A22: Yun21 | B22: 10.1016/j.jallcom.2020.157582 | C22: Cu-Cr-Mg | D22: 0.44/wt.% | E22: 0/wt.% | F22: 0.17/wt.% | G22: 0/wt.% | H22: 0/wt.% | I22: 0/wt.% | J22: 0/wt.% | K22: Solution ==> Quenching ==> Deformation ==> Aging | L22: 950/℃ | M22: 1/h | N22: 58.6/% | O22: 500/℃ | P22: 3.018666667/h | Q22: N | R22: N/A | S22: N/A | T22: 446.94/MPa | U22: N/A
A23: Yun20 | B23: 10.1016/j.jallcom.2020.157582 | C23: Cu-Cr-Mg | D23: 0.44/wt.% | E23: 0/wt.% | F23: 0.17/wt.% | G23: 0/wt.% | H23: 0/wt.% | I23: 0/wt.% | J23: 0/wt.% | K23: Solution ==> Quenching ==> Deformation ==> Aging | L23: 950/℃ | M23: 1/h | N23: 58.6/% | O23: 500/℃ | P23: 2.011666667/h | Q23: N | R23: N/A | S23: N/A | T23: 449.58/MPa | U23: N/A
A24: Yun14 | B24: 10.1016/j.jallcom.2020.157582 | C24: Cu-Cr-Mg | D24: 0.44/wt.% | E24: 0/wt.% | F24: 0.17/wt.% | G24: 0/wt.% | H24: 0/wt.% | I24: 0/wt.% | J24: 0/wt.% | K24: Solution ==> Quenching ==> Deformation ==> Aging | L24: 950/℃ | M24: 1/h | N24: 58.6/% | O24: 500/℃ | P24: 0.179833333/h | Q24: N | R24: N/A | S24: N/A | T24: 449.91/MPa | U24: N/A
A25: Yun22 | B25: 10.1016/j.jallcom.2020.157582 | C25: Cu-Cr-Mg | D25: 0.44/wt.% | E25: 0/wt.% | F25: 0.17/wt.% | G25: 0/wt.% | H25: 0/wt.% | I25: 0/wt.% | J25: 0/wt.% | K25: Solution ==> Quenching ==> Deformation ==> Aging | L25: 950/℃ | M25: 1/h | N25: 58.6/% | O25: 500/℃ | P25: 4.007/h | Q25: N | R25: N/A | S25: N/A | T25: 451.32/MPa | U25: N/A
A26: Yun13 | B26: 10.1016/j.jallcom.2020.157582 | C26: Cu-Cr-Mg | D26: 0.44/wt.% | E26: 0/wt.% | F26: 0.17/wt.% | G26: 0/wt.% | H26: 0/wt.% | I26: 0/wt.% | J26: 0/wt.% | K26: Solution ==> Quenching ==> Deformation ==> Aging | L26: 950/℃ | M26: 1/h | N26: 58.6/% | O26: 500/℃ | P26: 0/h | Q26: N | R26: N/A | S26: N/A | T26: 451.68/MPa | U26: N/A
A27: Yun19 | B27: 10.1016/j.jallcom.2020.157582 | C27: Cu-Cr-Mg | D27: 0.44/wt.% | E27: 0/wt.% | F27: 0.17/wt.% | G27: 0/wt.% | H27: 0/wt.% | I27: 0/wt.% | J27: 0/wt.% | K27: Solution ==> Quenching ==> Deformation ==> Aging | L27: 950/℃ | M27: 1/h | N27: 58.6/% | O27: 500/℃ | P27: 1.558333333/h | Q27: N | R27: N/A | S27: N/A | T27: 458.33/MPa | U27: N/A
A28: Yun15 | B28: 10.1016/j.jallcom.2020.157582 | C28: Cu-Cr-Mg | D28: 0.44/wt.% | E28: 0/wt.% | F28: 0.17/wt.% | G28: 0/wt.% | H28: 0/wt.% | I28: 0/wt.% | J28: 0/wt.% | K28: Solution ==> Quenching ==> Deformation ==> Aging | L28: 950/℃ | M28: 1/h | N28: 58.6/% | O28: 500/℃ | P28: 0.248666667/h | Q28: N | R28: N/A | S28: N/A | T28: 459.83/MPa | U28: N/A
A29: Yun18 | B29: 10.1016/j.jallcom.2020.157582 | C29: Cu-Cr-Mg | D29: 0.44/wt.% | E29: 0/wt.% | F29: 0.17/wt.% | G29: 0/wt.% | H29: 0/wt.% | I29: 0/wt.% | J29: 0/wt.% | K29: Solution ==> Quenching ==> Deformation ==> Aging | L29: 950/℃ | M29: 1/h | N29: 58.6/% | O29: 500/℃ | P29: 1/h | Q29: N | R29: N/A | S29: N/A | T29: 469.64/MPa | U29: N/A
A30: Yun16 | B30: 10.1016/j.jallcom.2020.157582 | C30: Cu-Cr-Mg | D30: 0.44/wt.% | E30: 0/wt.% | F30: 0.17/wt.% | G30: 0/wt.% | H30: 0/wt.% | I30: 0/wt.% | J30: 0/wt.% | K30: Solution ==> Quenching ==> Deformation ==> Aging | L30: 950/℃ | M30: 1/h | N30: 58.6/% | O30: 500/℃ | P30: 0.3295/h | Q30: N | R30: N/A | S30: N/A | T30: 471.92/MPa | U30: N/A
A31: Yun17 | B31: 10.1016/j.jallcom.2020.157582 | C31: Cu-Cr-Mg | D31: 0.44/wt.% | E31: 0/wt.% | F31: 0.17/wt.% | G31: 0/wt.% | H31: 0/wt.% | I31: 0/wt.% | J31: 0/wt.% | K31: Solution ==> Quenching ==> Deformation ==> Aging | L31: 950/℃ | M31: 1/h | N31: 58.6/% | O31: 500/℃ | P31: 0.490666667/h | Q31: N | R31: N/A | S31: N/A | T31: 480.46/MPa | U31: N/A
A32: Yun122 | B32: 10.1016/j.jallcom.2022.165274 | C32: Cu-Cr-Mg | D32: 0.26/wt.% | E32: 0/wt.% | F32: 0.2/wt.% | G32: 0/wt.% | H32: 0/wt.% | I32: 0/wt.% | J32: 0/wt.% | K32: Solution ==> Quenching ==> Deformation ==> Aging | L32: 950/℃ | M32: 1/h | N32: N/A | O32: 500/℃ | P32: 0/h | Q32: N | R32: N/A | S32: N/A | T32: 351.95/MPa | U32: N/A
A33: Yun123 | B33: 10.1016/j.jallcom.2022.165274 | C33: Cu-Cr-Mg | D33: 0.26/wt.% | E33: 0/wt.% | F33: 0.2/wt.% | G33: 0/wt.% | H33: 0/wt.% | I33: 0/wt.% | J33: 0/wt.% | K33: Solution ==> Quenching ==> Deformation ==> Aging | L33: 950/℃ | M33: 1/h | N33: N/A | O33: 500/℃ | P33: 0.045333333/h | Q33: N | R33: N/A | S33: N/A | T33: 371.99/MPa | U33: N/A
... A57: Mat27027 | B57: 10.1016/j.mtcomm.2024.109438 | C57: Cu-Mg-Ni-Si | D57: 0/wt.% | E57: 0/wt.% | F57: 0.22/wt% | G57: 2.58/wt% | H57: 0.46/wt% | I57: 0/wt.% | J57: 0/wt.% | K57: Solution ==> Quenching ==> Deformation ==> Aging | L57: N/A | M57: N/A | N57: N/A | O57: N/A | P57: N/A | Q57: N/A | R57: 126.7/HV | S57: 265/MPa | T57: 380/MPa | U57: 40.5/%IACS
A58: 1288 | B58: 10.1023/A:1004603906359 | C58: Cu-Ti | D58: 0/wt.% | E58: 0/wt.% | F58: 0/wt.% | G58: 0/wt.% | H58: 0/wt.% | I58: 2.7/wt.% | J58: 0/wt.% | K58: Solution ==> Quenching ==> Deformation ==> Aging | L58: 899.85/℃ | M58: 2/h | N58: 90/% | O58: 399.85/℃ | P58: 1/h | Q58: N | R58: 355/HV | S58: 950/MPa | T58: 1000/MPa | U58: 12/%IACS
A59: 1319 | B59: 10.2320/matertrans.M2011173 | C59: Cu-Ti | D59: 0/wt.% | E59: 0/wt.% | F59: 0/wt.% | G59: 0/wt.% | H59: 0/wt.% | I59: 3.2/wt.% | J59: 0/wt.% | K59: Solution ==> Quenching ==> Deformation ==> Aging | L59: 949.85/℃ | M59: 0.25/h | N59: 60/% | O59: 349.85/℃ | P59: 120/h | Q59: N | R59: N/A | S59: N/A | T59: 1007/MPa | U59: 29/%IACS
A60: 1315 | B60: 10.2320/matertrans.M2011173 | C60: Cu-Ti | D60: 0/wt.% | E60: 0/wt.% | F60: 0/wt.% | G60: 0/wt.% | H60: 0/wt.% | I60: 3.2/wt.% | J60: 0/wt.% | K60: Solution ==> Quenching ==> Deformation ==> Aging | L60: 949.85/℃ | M60: 0.25/h | N60: 60/% | O60: 349.85/℃ | P60: 72/h | Q60: N | R60: N/A | S60: N/A | T60: 1020/MPa | U60: 21/%IACS
A61: 1311 | B61: 10.2320/matertrans.M2011173 | C61: Cu-Ti | D61: 0/wt.% | E61: 0/wt.% | F61: 0/wt.% | G61: 0/wt.% | H61: 0/wt.% | I61: 3.2/wt.% | J61: 0/wt.% | K61: Solution ==> Quenching ==> Deformation ==> Aging | L61: 949.85/℃ | M61: 0.25/h | N61: 60/% | O61: 349.85/℃ | P61: 48/h | Q61: N | R61: N/A | S61: N/A | T61: 1030/MPa | U61: 18/%IACS
A62: 1303 | B62: 10.2320/matertrans.M2011173 | C62: Cu-Ti | D62: 0/wt.% | E62: 0/wt.% | F62: 0/wt.% | G62: 0/wt.% | H62: 0/wt.% | I62: 3.2/wt.% | J62: 0/wt.% | K62: Solution ==> Quenching ==> Deformation ==> Aging | L62: 949.85/℃ | M62: 0.25/h | N62: 60/% | O62: 349.85/℃ | P62: 12/h | Q62: N | R62: N/A | S62: N/A | T62: 1049/MPa | U62: 11/%IACS
A63: 1276 | B63: 10.1038/srep30907 | C63: Cu-Ni-Si-Ti | D63: 0/wt.% | E63: 0/wt.% | F63: 0/wt.% | G63: 6.2/wt.% | H63: 1.34/wt.% | I63: 0.11/wt.% | J63: 0/wt.% | K63: Solution ==> Quenching ==> Aging | L63: 979.85/℃ | M63: 2/h | N63: 0/% | O63: 499.85/℃ | P63: 7/h | Q63: N | R63: 248/HV | S63: N/A | T63: 1050/MPa | U63: 43/%IACS
A64: 1307 | B64: 10.2320/matertrans.M2011173 | C64: Cu-Ti | D64: 0/wt.% | E64: 0/wt.% | F64: 0/wt.% | G64: 0/wt.% | H64: 0/wt.% | I64: 3.2/wt.% | J64: 0/wt.% | K64: Solution ==> Quenching ==> Deformation ==> Aging | L64: 949.85/℃ | M64: 0.25/h | N64: 60/% | O64: 349.85/℃ | P64: 24/h | Q64: N | R64: N/A | S64: N/A | T64: 1054/MPa | U64: 14/%IACS
A65: 1277 | B65: 10.1038/srep30907 | C65: Cu-Ni-Si-Ti | D65: 0/wt.% | E65: 0/wt.% | F65: 0/wt.% | G65: 6.2/wt.% | H65: 1.34/wt.% | I65: 0.11/wt.% | J65: 0/wt.% | K65: Solution ==> Quenching ==> Aging | L65: 979.85/℃ | M65: 2/h | N65: 0/% | O65: 499.85/℃ | P65: 7/h | Q65: N | R65: N/A | S65: N/A | T65: 1105/MPa | U65: 41/%IACS
A66: Mat20755 | B66: 10.1016/j.matlet.2022.131937 | C66: Cu-Cr-Zr | D66: 0.7/wt.% | E66: 0/wt.% | F66: 0/wt.% | G66: 0/wt.% | H66: 0/wt.% | I66: 0/wt.% | J66: 0.19/wt.% | K66: Solution ==> Quenching ==> Aging | L66: N/A | M66: N/A | N66: N/A | O66: N/A | P66: N/A | Q66: N/A | R66: N/A | S66: 753/MPa | T66: 1300/MPa | U66: N/A
A67: 1326 | B67: 10.1023/A:1004603906359 | C67: Cu-Ti | D67: 0/wt.% | E67: 0/wt.% | F67: 0/wt.% | G67: 0/wt.% | H67: 0/wt.% | I67: 4.5/wt.% | J67: 0/wt.% | K67: Solution ==> Quenching ==> Deformation ==> Aging | L67: 899.85/℃ | M67: 2/h | N67: 90/% | O67: 399.85/℃ | P67: 1/h | Q67: N | R67: 425/HV | S67: 1280/MPa | T67: 1380/MPa | U67: 8/%IACS
A68: 1324 | B68: 10.1023/A:1004603906359 | C68: Cu-Ti | D68: 0/wt.% | E68: 0/wt.% | F68: 0/wt.% | G68: 0/wt.% | H68: 0/wt.% | I68: 4.3/wt.% | J68: 0/wt.% | K68: Solution ==> Quenching ==> Deformation ==> Aging | L68: 899.85/℃ | M68: 2/h | N68: 85/% | O68: 399.85/℃ | P68: 2/h | Q68: N | R68: 390/HV | S68: N/A | T68: 1442/MPa | U68: 10/%IACS
A69: 1328 | B69: 10.1023/A:1004603906359 | C69: Cu-Ti | D69: 0/wt.% | E69: 0/wt.% | F69: 0/wt.% | G69: 0/wt.% | H69: 0/wt.% | I69: 5.4/wt.% | J69: 0/wt.% | K69: Solution ==> Quenching ==> Deformation ==> Aging | L69: 899.85/℃ | M69: 2/h | N69: 90/% | O69: 399.85/℃ | P69: 1/h | Q69: N | R69: 455/HV | S69: 1400/MPa | T69: 1450/MPa | U69: 5/%IACS
A70: Mat20757 | B70: 10.1016/j.matlet.2022.131937 | C70: Cu-Cr-Zr | D70: 0.7/wt.% | E70: 0/wt.% | F70: 0/wt.% | G70: 0/wt.% | H70: 0/wt.% | I70: 0/wt.% | J70: 0.19/wt.% | K70: Aging | L70: 960/°C | M70: 2/h | N70: N/A | O70: 425/°C | P70: 5/h | Q70: N/A | R70: N/A | S70: 84±2/MPa | T70: 225±1/MPa | U70: 40.6±0.4/%IACS
A71: Mat29080 | B71: 10.1016/j.vacuum.2019.06.027 | C71: Cu-Cr-Zr | D71: 0.4/wt.% | E71: 0/wt.% | F71: 0/wt.% | G71: 0/wt.% | H71: 0/wt.% | I71: 0/wt.% | J71: 0.3/wt.% | K71: Solution ==> Quenching ==> Deformation ==> Aging | L71: N/A | M71: N/A | N71: N/A | O71: N/A | P71: N/A | Q71: N/A | R71: N/A | S71: 212 ± 8/MPa | T71: 234 ± 5/MPa | U71: 34.1 ± 0.5/%IACS
A72: Mat13175 | B72: 10.1016/j.jallcom.2019.06.018 | C72: Cu-Cr | D72: 0.5/wt.% | E72: 0/wt.% | F72: 0/wt.% | G72: 0/wt.% | H72: 0/wt.% | I72: 0/wt.% | J72: 0/wt.% | K72: Melting ==> Heat Treatment | L72: 1020/°C | M72: 1/h | N72: N/A | O72: N/A | P72: N/A | Q72: N/A | R72: N/A | S72: 100.52/MPa | T72: 234.05/MPa | U72: N/A
A73: Mat13174 | B73: 10.1016/j.jallcom.2019.06.018 | C73: Cu-Cr | D73: 0.5/wt.% | E73: 0/wt.% | F73: 0/wt.% | G73: 0/wt.% | H73: 0/wt.% | I73: 0/wt.% | J73: 0/wt.% | K73: Melting ==> Heat Treatment | L73: N/A | M73: N/A | N73: N/A | O73: N/A | P73: N/A | Q73: N/A | R73: N/A | S73: 173.94/MPa | T73: 234.67/MPa | U73: N/A
A74: Mat12841 | B74: 10.1016/j.jallcom.2018.01.303 | C74: Cu-Cr-Zr | D74: 0.7/wt.% | E74: 0/wt.% | F74: 0/wt.% | G74: 0/wt.% | H74: 0/wt.% | I74: 0/wt.% | J74: 0.07/wt.% | K74: Solution ==> Quenching ==> Deformation ==> Aging | L74: N/A | M74: N/A | N74: N/A | O74: N/A | P74: N/A | Q74: N/A | R74: N/A | S74: 159/MPa | T74: 240/MPa | U74: 67/%IACS
A75: 1239 | B75: 10.1023/A:1017916930459 | C75: Cu-Cr-Fe | D75: 0.05/wt.% | E75: 0.95/wt.% | F75: 0/wt.% | G75: 0/wt.% | H75: 0/wt.% | I75: 0/wt.% | J75: 0/wt.% | K75: Solution ==> Quenching ==> Deformation ==> Aging | L75: 1049.85/℃ | M75: 2/h | N75: 40/% | O75: 649.85/℃ | P75: 0.167/h | Q75: N | R75: N/A | S75: N/A | T75: 245/MPa | U75: 44/%IACS
A76: 1264 | B76: 10.1023/A:1017916930459 | C76: Cu-Cr-Fe | D76: 0.05/wt.% | E76: 0.95/wt.% | F76: 0/wt.% | G76: 0/wt.% | H76: 0/wt.% | I76: 0/wt.% | J76: 0/wt.% | K76: Solution ==> Quenching ==> Deformation ==> Aging | L76: 1049.85/℃ | M76: 2/h | N76: 40/% | O76: 649.85/℃ | P76: 6/h | Q76: N | R76: N/A | S76: N/A | T76: 255/MPa | U76: 48/%IACS
A77: 1256 | B77: 10.1023/A:1017916930459 | C77: Cu-Cr-Fe | D77: 0.05/wt.% | E77: 0.95/wt.% | F77: 0/wt.% | G77: 0/wt.% | H77: 0/wt.% | I77: 0/wt.% | J77: 0/wt.% | K77: Solution ==> Quenching ==> Deformation ==> Aging | L77: 1049.85/℃ | M77: 2/h | N77: 40/% | O77: 649.85/℃ | P77: 1.5/h | Q77: N | R77: N/A | S77: N/A | T77: 256/MPa | U77: 46/%IACS
A78: 1258 | B78: 10.1023/A:1017916930459 | C78: Cu-Cr-Fe | D78: 0.63/wt.% | E78: 1.85/wt.% | F78: 0/wt.% | G78: 0/wt.% | H78: 0/wt.% | I78: 0/wt.% | J78: 0/wt.% | K78: Solution ==> Quenching ==> Aging | L78: 1049.85/℃ | M78: 2/h | N78: 0/% | O78: 599.85/℃ | P78: 3/h | Q78: N | R78: 75/HV | S78: N/A | T78: 268/MPa | U78: 53/%IACS
A79: 27 | B79: 10.1016/j.msea.2006.01.068 | C79: Cu-Fe | D79: 0/wt.% | E79: 0.22/wt.% | F79: 0/wt.% | G79: 0/wt.% | H79: 0/wt.% | I79: 0/wt.% | J79: 0/wt.% | K79: Solution ==> Quenching ==> Deformation ==> Aging | L79: 899.85/℃ | M79: 1.167/h | N79: 50/% | O79: 499.85/℃ | P79: 1/h | Q79: N | R79: N/A | S79: 233/MPa | T79: 279/MPa | U79: 87/%IACS
A80: Yun103 | B80: 10.1016/j.msea.2020.140413 | C80: Cu-Cr-Ni-Si-Ti-Zr | D80: 0.67/wt.% | E80: 0/wt.% | F80: 0/wt.% | G80: 0.12/wt.% | H80: 0.03/wt.% | I80: 0.04/wt.% | J80: 0.27/wt.% | K80: Solution ==> Quenching ==> Aging ==> Secondary TMP ==> Secondary Aging | L80: 960℃ | M80: N/A | N80: 80/% | O80: 450/℃ | P80: 2/h | Q80: Y | R80: N/A | S80: N/A | T80: 296.52/MPa | U80: N/A
A81: 1241 | B81: 10.1023/A:1017916930459 | C81: Cu-Cr-Fe | D81: 0.63/wt.% | E81: 1.85/wt.% | F81: 0/wt.% | G81: 0/wt.% | H81: 0/wt.% | I81: 0/wt.% | J81: 0/wt.% | K81: Solution ==> Quenching ==> Deformation ==> Aging | L81: 1049.85/℃ | M81: 2/h | N81: 40/% | O81: 599.85/℃ | P81: 0.333/h | Q81: N | R81: N/A | S81: N/A | T81: 311/MPa | U81: 51/%IACS
A82: 1259 | B82: 10.1023/A:1017916930459 | C82: Cu-Cr-Fe | D82: 0.63/wt.% | E82: 1.85/wt.% | F82: 0/wt.% | G82: 0/wt.% | H82: 0/wt.% | I82: 0/wt.% | J82: 0/wt.% | K82: Solution ==> Quenching ==> Deformation ==> Aging | L82: 1049.85/℃ | M82: 2/h | N82: 40/% | O82: 599.85/℃ | P82: 3/h | Q82: N | R82: N/A | S82: N/A | T82: 311/MPa | U82: 54/%IACS
A83: 1236 | B83: 10.1023/A:1017916930459 | C83: Cu-Cr-Fe | D83: 0.63/wt.% | E83: 1.85/wt.% | F83: 0/wt.% | G83: 0/wt.% | H83: 0/wt.% | I83: 0/wt.% | J83: 0/wt.% | K83: Solution ==> Quenching ==> Deformation ==> Aging | L83: 1049.85/℃ | M83: 2/h | N83: 40/% | O83: 599.85/℃ | P83: 0.167/h | Q83: N | R83: N/A | S83: N/A | T83: 314/MPa | U83: 46/%IACS
A84: 1246 | B84: 10.1023/A:1017916930459 | C84: Cu-Cr-Fe | D84: 0.63/wt.% | E84: 1.85/wt.% | F84: 0/wt.% | G84: 0/wt.% | H84: 0/wt.% | I84: 0/wt.% | J84: 0/wt.% | K84: Solution ==> Quenching ==> Deformation ==> Aging | L84: 1049.85/℃ | M84: 2/h | N84: 40/% | O84: 599.85/℃ | P84: 0.75/h | Q84: N | R84: 112/HV | S84: N/A | T84: 316/MPa | U84: 53/%IACS
A85: 1266 | B85: 10.1023/A:1017916930459 | C85: Cu-Cr-Fe | D85: 0.63/wt.% | E85: 1.85/wt.% | F85: 0/wt.% | G85: 0/wt.% | H85: 0/wt.% | I85: 0/wt.% | J85: 0/wt.% | K85: Solution ==> Quenching ==> Deformation ==> Aging | L85: 1049.85/℃ | M85: 2/h | N85: 90/% | O85: 599.85/℃ | P85: 12/h | Q85: N | R85: N/A | S85: N/A | T85: 325/MPa | U85: 57/%IACS
A86: 26 | B86: 10.1016/j.msea.2006.01.068 | C86: Cu-Fe | D86: 0/wt.% | E86: 0.22/wt.% | F86: 0/wt.% | G86: 0/wt.% | H86: 0/wt.% | I86: 0/wt.% | J86: 0/wt.% | K86: Solution ==> Quenching ==> Deformation ==> Aging | L86: 899.85/℃ | M86: 1.167/h | N86: 50/% | O86: 399.85/℃ | P86: 1/h | Q86: N | R86: N/A | S86: 307/MPa | T86: 356/MPa | U86: 84/%IACS
A87: 1247 | B87: 10.1023/A:1017916930459 | C87: Cu-Cr-Fe | D87: 0.63/wt.% | E87: 1.85/wt.% | F87: 0/wt.% | G87: 0/wt.% | H87: 0/wt.% | I87: 0/wt.% | J87: 0/wt.% | K87: Solution ==> Quenching ==> Deformation ==> Aging ==> Secondary TMP ==> Secondary Aging | L87: 1049.85/℃ | M87: 2/h | N87: 40/% | O87: 599.85/℃ | P87: 0.75/h | Q87: Y | R87: 129/HV | S87: N/A | T87: 374/MPa | U87: 61/%IACS
A88: 1237 | B88: 10.1023/A:1017916930459 | C88: Cu-Cr-Fe | D88: 0.63/wt.% | E88: 1.85/wt.% | F88: 0/wt.% | G88: 0/wt.% | H88: 0/wt.% | I88: 0/wt.% | J88: 0/wt.% | K88: Solution ==> Quenching ==> Deformation ==> Aging | L88: 1049.85/℃ | M88: 2/h | N88: 90/% | O88: 599.85/℃ | P88: 0.167/h | Q88: N | R88: N/A | S88: N/A | T88: 382/MPa | U88: 51/%IACS
A89: 1253 | B89: 10.1023/A:1017916930459 | C89: Cu-Cr-Fe | D89: 0.63/wt.% | E89: 1.85/wt.% | F89: 0/wt.% | G89: 0/wt.% | H89: 0/wt.% | I89: 0/wt.% | J89: 0/wt.% | K89: Solution ==> Quenching ==> Deformation ==> Aging | L89: 1049.85/℃ | M89: 2/h | N89: 90/% | O89: 599.85/℃ | P89: 1.5/h | Q89: N | R89: N/A | S89: N/A | T89: 386/MPa | U89: 56/%IACS
A90: Yun157 | B90: 10.1016/j.msea.2019.04.053 | C90: Cu-Cr-Zr | D90: 0.56/wt.% | E90: 0/wt.% | F90: 0/wt.% | G90: 0/wt.% | H90: 0/wt.% | I90: 0/wt.% | J90: 0.07/wt.% | K90: Solution ==> Quenching ==> Deformation ==> Aging | L90: 950/℃ | M90: 1/h | N90: N/A | O90: 450/℃ | P90: 0.153166667/h | Q90: N | R90: N/A | S90: N/A | T90: 389.5/MPa | U90: N/A
A91: 1249 | B91: 10.1023/A:1017916930459 | C91: Cu-Cr-Fe | D91: 0.63/wt.% | E91: 1.85/wt.% | F91: 0/wt.% | G91: 0/wt.% | H91: 0/wt.% | I91: 0/wt.% | J91: 0/wt.% | K91: Solution ==> Quenching ==> Deformation ==> Aging | L91: 1049.85/℃ | M91: 2/h | N91: 90/% | O91: 599.85/℃ | P91: 0.75/h | Q91: N | R91: 118/HV | S91: N/A | T91: 390/MPa | U91: 56/%IACS
A92: 1260 | B92: 10.1023/A:1017916930459 | C92: Cu-Cr-Fe | D92: 0.68/wt.% | E92: 0.27/wt.% | F92: 0/wt.% | G92: 0/wt.% | H92: 0/wt.% | I92: 0/wt.% | J92: 0/wt.% | K92: Solution ==> Quenching ==> Deformation ==> Aging | L92: 1049.85/℃ | M92: 2/h | N92: 40/% | O92: 449.85/℃ | P92: 6/h | Q92: N | R92: N/A | S92: N/A | T92: 390/MPa | U92: 73/%IACS
A93: 1242 | B93: 10.1023/A:1017916930459 | C93: Cu-Cr-Fe | D93: 0.63/wt.% | E93: 1.85/wt.% | F93: 0/wt.% | G93: 0/wt.% | H93: 0/wt.% | I93: 0/wt.% | J93: 0/wt.% | K93: Solution ==> Quenching ==> Deformation ==> Aging | L93: 1049.85/℃ | M93: 2/h | N93: 90/% | O93: 599.85/℃ | P93: 0.333/h | Q93: N | R93: N/A | S93: N/A | T93: 392/MPa | U93: 53/%IACS
A94: 1267 | B94: 10.1023/A:1017916930459 | C94: Cu-Cr-Fe | D94: 0.68/wt.% | E94: 0.27/wt.% | F94: 0/wt.% | G94: 0/wt.% | H94: 0/wt.% | I94: 0/wt.% | J94: 0/wt.% | K94: Solution ==> Quenching ==> Deformation ==> Aging | L94: 1049.85/℃ | M94: 2/h | N94: 40/% | O94: 449.85/℃ | P94: 24/h | Q94: N | R94: N/A | S94: N/A | T94: 392/MPa | U94: 75/%IACS
A95: Yun37 | B95: 10.1016/j.jallcom.2020.156776 | C95: Cu-Cr | D95: 0.42/wt.% | E95: 0/wt.% | F95: 0/wt.% | G95: 0/wt.% | H95: 0/wt.% | I95: 0/wt.% | J95: 0/wt.% | K95: Solution ==> Quenching ==> Deformation ==> Aging | L95: 950/℃ | M95: 1/h | N95: 60/% | O95: 450/℃ | P95: 0/h | Q95: N | R95: N/A | S95: N/A | T95: 400.94/MPa | U95: N/A
A96: Yun218 | B96: 10.1016/j.msea.2019.04.053 | C96: Cu-Cr-Zr | D96: 0.61/wt.% | E96: 0/wt.% | F96: 0/wt.% | G96: 0/wt.% | H96: 0/wt.% | I96: 0/wt.% | J96: 0.1/wt.% | K96: Solution ==> Quenching ==> Deformation ==> Aging | L96: 950/℃ | M96: 1/h | N96: N/A | O96: 450/℃ | P96: 0.140833333/h | Q96: N | R96: N/A | S96: N/A | T96: 404.37/MPa | U96: N/A
A97: Yun158 | B97: 10.1016/j.msea.2019.04.053 | C97: Cu-Cr-Zr | D97: 0.56/wt.% | E97: 0/wt.% | F97: 0/wt.% | G97: 0/wt.% | H97: 0/wt.% | I97: 0/wt.% | J97: 0.07/wt.% | K97: Solution ==> Quenching ==> Deformation ==> Aging | L97: 950/℃ | M97: 1/h | N97: N/A | O97: 450/℃ | P97: 0.2295/h | Q97: N | R97: N/A | S97: N/A | T97: 404.63/MPa | U97: N/A
A98: Yun55 | B98: 10.1016/j.jallcom.2020.156776 | C98: Cu-Cr | D98: 0.42/wt.% | E98: 0/wt.% | F98: 0/wt.% | G98: 0/wt.% | H98: 0/wt.% | I98: 0/wt.% | J98: 0/wt.% | K98: Solution ==> Quenching ==> Deformation ==> Aging | L98: 950/℃ | M98: 1/h | N98: 70/% | O98: 450/℃ | P98: 0/h | Q98: N | R98: N/A | S98: N/A | T98: 406.76/MPa | U98: N/A
A99: Yun9 | B99: 10.1016/j.msea.2019.04.053 | C99: Cu-Cr-Zr | D99: 0.6/wt.% | E99: 0/wt.% | F99: 0/wt.% | G99: 0/wt.% | H99: 0/wt.% | I99: 0/wt.% | J99: 0.14/wt.% | K99: Solution ==> Quenching ==> Deformation ==> Aging | L99: 950/℃ | M99: 1/h | N99: N/A | O99: 450/℃ | P99: 0.143/h | Q99: N | R99: N/A | S99: N/A | T99: 408.37/MPa | U99: N/A
A100: Yun193 | B100: 10.1016/j.msea.2019.04.053 | C100: Cu-Cr-Zr | D100: 0.56/wt.% | E100: 0/wt.% | F100: 0/wt.% | G100: 0/wt.% | H100: 0/wt.% | I100: 0/wt.% | J100: 0.07/wt.% | K100: Solution ==> Quenching ==> Deformation ==> Aging | L100: 950/℃ | M100: 1/h | N100: N/A | O100: 450/℃ | P100: 0.154/h | Q100: N | R100: N/A | S100: N/A | T100: 408.43/MPa | U100: N/A
A101: 1243 | B101: 10.1023/A:1017916930459 | C101: Cu-Cr | D101: 0.81/wt.% | E101: 0/wt.% | F101: 0/wt.% | G101: 0/wt.% | H101: 0/wt.% | I101: 0/wt.% | J101: 0/wt.% | K101: Solution ==> Quenching ==> Deformation ==> Aging | L101: 1049.85/℃ | M101: 2/h | N101: 40/% | O101: 449.85/℃ | P101: 0.333/h | Q101: N | R101: N/A | S101: N/A | T101: 409/MPa | U101: 65/%IACS
A102: Yun156 | B102: 10.1016/j.msea.2019.04.053 | C102: Cu-Cr-Zr | D102: 0.56/wt.% | E102: 0/wt.% | F102: 0/wt.% | G102: 0/wt.% | H102: 0/wt.% | I102: 0/wt.% | J102: 0.07/wt.% | K102: Solution ==> Quenching ==> Deformation ==> Aging | L102: 950/℃ | M102: 1/h | N102: N/A | O102: 450/℃ | P102: 0/h | Q102: N | R102: N/A | S102: N/A | T102: 410.03/MPa | U102: N/A
A103: Yun82 | B103: 10.1016/j.jallcom.2020.156776 | C103: Cu-Cr | D103: 0.42/wt.% | E103: 0/wt.% | F103: 0/wt.% | G103: 0/wt.% | H103: 0/wt.% | I103: 0/wt.% | J103: 0/wt.% | K103: Solution ==> Quenching ==> Deformation ==> Aging | L103: 950/℃ | M103: 1/h | N103: 80/% | O103: 450/℃ | P103: 2.9605/h | Q103: N | R103: N/A | S103: N/A | T103: 411.4/MPa | U103: N/A
A104: Yun60 | B104: 10.1016/j.jallcom.2020.156776 | C104: Cu-Cr | D104: 0.42/wt.% | E104: 0/wt.% | F104: 0/wt.% | G104: 0/wt.% | H104: 0/wt.% | I104: 0/wt.% | J104: 0/wt.% | K104: Solution ==> Quenching ==> Deformation ==> Aging | L104: 950/℃ | M104: 1/h | N104: 70/% | O104: 450/℃ | P104: 2.968/h | Q104: N | R104: N/A | S104: N/A | T104: 414.33/MPa | U104: N/A
A105: Yun72 | B105: 10.1016/j.jallcom.2020.156776 | C105: Cu-Cr | D105: 0.42/wt.% | E105: 0/wt.% | F105: 0/wt.% | G105: 0/wt.% | H105: 0/wt.% | I105: 0/wt.% | J105: 0/wt.% | K105: Solution ==> Quenching ==> Deformation ==> Aging | L105: 950/℃ | M105: 1/h | N105: 80/% | O105: 450/℃ | P105: 0/h | Q105: N | R105: N/A | S105: N/A | T105: 415.93/MPa | U105: N/A
A106: 1265 | B106: 10.1023/A:1017916930459 | C106: Cu-Cr-Fe | D106: 0.68/wt.% | E106: 0.27/wt.% | F106: 0/wt.% | G106: 0/wt.% | H106: 0/wt.% | I106: 0/wt.% | J106: 0/wt.% | K106: Solution ==> Quenching ==> Deformation ==> Aging | L106: 1049.85/℃ | M106: 2/h | N106: 40/% | O106: 449.85/℃ | P106: 12/h | Q106: N | R106: N/A | S106: N/A | T106: 415/MPa | U106: 75/%IACS
A107: Yun12 | B107: 10.1016/j.jallcom.2020.157582 | C107: Cu-Cr | D107: 0.4/wt.% | E107: 0/wt.% | F107: 0/wt.% | G107: 0/wt.% | H107: 0/wt.% | I107: 0/wt.% | J107: 0/wt.% | K107: Solution ==> Quenching ==> Deformation ==> Aging | L107: 950/℃ | M107: 1/h | N107: 58.6/% | O107: 500/℃ | P107: 4.018666667/h | Q107: N | R107: N/A | S107: N/A | T107: 417.01/MPa | U107: N/A
A108: Yun38 | B108: 10.1016/j.jallcom.2020.156776 | C108: Cu-Cr | D108: 0.42/wt.% | E108: 0/wt.% | F108: 0/wt.% | G108: 0/wt.% | H108: 0/wt.% | I108: 0/wt.% | J108: 0/wt.% | K108: Solution ==> Quenching ==> Deformation ==> Aging | L108: 950/℃ | M108: 1/h | N108: 60/% | O108: 450/℃ | P108: 0.248166667/h | Q108: N | R108: N/A | S108: N/A | T108: 419.46/MPa | U108: N/A
A109: Yun11 | B109: 10.1016/j.jallcom.2020.157582 | C109: Cu-Cr | D109: 0.4/wt.% | E109: 0/wt.% | F109: 0/wt.% | G109: 0/wt.% | H109: 0/wt.% | I109: 0/wt.% | J109: 0/wt.% | K109: Solution ==> Quenching ==> Deformation ==> Aging | L109: 950/℃ | M109: 1/h | N109: 58.6/% | O109: 500/℃ | P109: 3.016333333/h | Q109: N | R109: N/A | S109: N/A | T109: 419.65/MPa | U109: N/A
A110: Yun217 | B110: 10.1016/j.msea.2019.04.053 | C110: Cu-Cr-Zr | D110: 0.61/wt.% | E110: 0/wt.% | F110: 0/wt.% | G110: 0/wt.% | H110: 0/wt.% | I110: 0/wt.% | J110: 0.1/wt.% | K110: Solution ==> Quenching ==> Deformation ==> Aging | L110: 950/℃ | M110: 1/h | N110: N/A | O110: 450/℃ | P110: 0.065/h | Q110: N | R110: N/A | S110: N/A | T110: 420.88/MPa | U110: N/A
A111: Yun159 | B111: 10.1016/j.msea.2019.04.053 | C111: Cu-Cr-Zr | D111: 0.56/wt.% | E111: 0/wt.% | F111: 0/wt.% | G111: 0/wt.% | H111: 0/wt.% | I111: 0/wt.% | J111: 0.07/wt.% | K111: Solution ==> Quenching ==> Deformation ==> Aging | L111: 950/℃ | M111: 1/h | N111: N/A | O111: 450/℃ | P111: 0.299666667/h | Q111: N | R111: N/A | S111: N/A | T111: 421.61/MPa | U111: N/A
A112: Yun42 | B112: 10.1016/j.jallcom.2020.156776 | C112: Cu-Cr | D112: 0.42/wt.% | E112: 0/wt.% | F112: 0/wt.% | G112: 0/wt.% | H112: 0/wt.% | I112: 0/wt.% | J112: 0/wt.% | K112: Solution ==> Quenching ==> Deformation ==> Aging | L112: 950/℃ | M112: 1/h | N112: 60/% | O112: 450/℃ | P112: 2.979333333/h | Q112: N | R112: N/A | S112: N/A | T112: 421.83/MPa | U112: N/A
A113: Yun192 | B113: 10.1016/j.msea.2019.04.053 | C113: Cu-Cr-Zr | D113: 0.56/wt.% | E113: 0/wt.% | F113: 0/wt.% | G113: 0/wt.% | H113: 0/wt.% | I113: 0/wt.% | J113: 0.07/wt.% | K113: Solution ==> Quenching ==> Deformation ==> Aging | L113: 950/℃ | M113: 1/h | N113: N/A | O113: 450/℃ | P113: 0.12/h | Q113: N | R113: N/A | S113: N/A | T113: 422.1/MPa | U113: N/A
A114: Yun143 | B114: 10.1016/j.msea.2019.04.053 | C114: Cu-Cr-Zr | D114: 0.6/wt.% | E114: 0/wt.% | F114: 0/wt.% | G114: 0/wt.% | H114: 0/wt.% | I114: 0/wt.% | J114: 0.14/wt.% | K114: Solution ==> Quenching ==> Deformation ==> Aging | L114: 950/℃ | M114: 1/h | N114: N/A | O114: 450/℃ | P114: 0.145833333/h | Q114: N | R114: N/A | S114: N/A | T114: 422.81/MPa | U114: N/A
A115: Yun180 | B115: 10.1016/j.msea.2019.04.053 | C115: Cu-Cr-Zr | D115: 0.6/wt.% | E115: 0/wt.% | F115: 0/wt.% | G115: 0/wt.% | H115: 0/wt.% | I115: 0/wt.% | J115: 0.14/wt.% | K115: Solution ==> Quenching ==> Deformation ==> Aging | L115: 950/℃ | M115: 1/h | N115: N/A | O115: 450/℃ | P115: 0.115333333/h | Q115: N | R115: N/A | S115: N/A | T115: 424.93/MPa | U115: N/A
A116: 1268 | B116: 10.1023/A:1017916930459 | C116: Cu-Cr-Fe | D116: 0.68/wt.% | E116: 0.27/wt.% | F116: 0/wt.% | G116: 0/wt.% | H116: 0/wt.% | I116: 0/wt.% | J116: 0/wt.% | K116: Solution ==> Quenching ==> Deformation ==> Aging | L116: 1049.85/℃ | M116: 2/h | N116: 90/% | O116: 449.85/℃ | P116: 24/h | Q116: N | R116: N/A | S116: N/A | T116: 425/MPa | U116: 82/%IACS
A117: Yun8 | B117: 10.1016/j.msea.2019.04.053 | C117: Cu-Cr-Zr | D117: 0.6/wt.% | E117: 0/wt.% | F117: 0/wt.% | G117: 0/wt.% | H117: 0/wt.% | I117: 0/wt.% | J117: 0.14/wt.% | K117: Solution ==> Quenching ==> Deformation ==> Aging | L117: 950/℃ | M117: 1/h | N117: N/A | O117: 450/℃ | P117: 0.102333333/h | Q117: N | R117: N/A | S117: N/A | T117: 426.29/MPa | U117: N/A
A118: Yun39 | B118: 10.1016/j.jallcom.2020.156776 | C118: Cu-Cr | D118: 0.42/wt.% | E118: 0/wt.% | F118: 0/wt.% | G118: 0/wt.% | H118: 0/wt.% | I118: 0/wt.% | J118: 0/wt.% | K118: Solution ==> Quenching ==> Deformation ==> Aging | L118: 950/℃ | M118: 1/h | N118: 60/% | O118: 450/℃ | P118: 0.496166667/h | Q118: N | R118: N/A | S118: N/A | T118: 426.57/MPa | U118: N/A
A119: Yun73 | B119: 10.1016/j.jallcom.2020.156776 | C119: Cu-Cr | D119: 0.42/wt.% | E119: 0/wt.% | F119: 0/wt.% | G119: 0/wt.% | H119: 0/wt.% | I119: 0/wt.% | J119: 0/wt.% | K119: Solution ==> Quenching ==> Deformation ==> Aging | L119: 950/℃ | M119: 1/h | N119: 80/% | O119: 450/℃ | P119: 0.032/h | Q119: N | R119: N/A | S119: N/A | T119: 428.14/MPa | U119: N/A
A120: Yun31 | B120: 10.1016/j.jallcom.2020.156776 | C120: Cu-Cr-Ti | D120: 0.45/wt.% | E120: 0/wt.% | F120: 0/wt.% | G120: 0/wt.% | H120: 0/wt.% | I120: 0.14/wt.% | J120: 0/wt.% | K120: Solution ==> Quenching ==> Deformation ==> Aging | L120: 950/℃ | M120: 1/h | N120: 60/% | O120: 450/℃ | P120: 0/h | Q120: N | R120: N/A | S120: N/A | T120: 430.06/MPa | U120: N/A
A121: 194 | B121: 10.1007/s12598-013-0024-2 | C121: Cu-Ni-Si-Zr | D121: 0/wt.% | E121: 0/wt.% | F121: 0/wt.% | G121: 2.11/wt.% | H121: 0.53/wt.% | I121: 0/wt.% | J121: 0.18/wt.% | K121: Solution ==> Quenching ==> Deformation ==> Aging | L121: 919.85/℃ | M121: 1.5/h | N121: 70/% | O121: 499.85/℃ | P121: 16/h | Q121: N | R121: N/A | S121: N/A | T121: 430/MPa | U121: 47/%IACS
A122: Yun234 | B122: 10.1016/j.msea.2019.04.053 | C122: Cu-Cr-Zr | D122: 0.62/wt.% | E122: 0/wt.% | F122: 0/wt.% | G122: 0/wt.% | H122: 0/wt.% | I122: 0/wt.% | J122: 0.34/wt.% | K122: Solution ==> Quenching ==> Deformation ==> Aging | L122: 950/℃ | M122: 1/h | N122: N/A | O122: 450/℃ | P122: 0.099/h | Q122: N | R122: N/A | S122: N/A | T122: 433.02/MPa | U122: N/A
A123: Yun209 | B123: 10.1016/j.msea.2019.04.053 | C123: Cu-Cr-Zr | D123: 0.6/wt.% | E123: 0/wt.% | F123: 0/wt.% | G123: 0/wt.% | H123: 0/wt.% | I123: 0/wt.% | J123: 0.14/wt.% | K123: Solution ==> Quenching ==> Deformation ==> Aging | L123: 950/℃ | M123: 1/h | N123: N/A | O123: 450/℃ | P123: 0.157/h | Q123: N | R123: N/A | S123: N/A | T123: 433.11/MPa | U123: N/A
...
